Unnamed: 0,Types,Class
6605,Adrenal_gland,0.0
1318,Adrenal_gland,1.0
4051,Adrenal_gland,1.0
6295,Adrenal_gland,1.0
6315,Adrenal_gland,1.0
6279,Adrenal_gland,1.0
3991,Adrenal_gland,1.0
1523,Adrenal_gland,1.0
6642,Adrenal_gland,1.0
6612,Adrenal_gland,1.0
6280,Adrenal_gland,1.0
1315,Adrenal_gland,1.0
3998,Adrenal_gland,1.0
6604,Adrenal_gland,0.0
3708,Adrenal_gland,1.0
1316,Adrenal_gland,1.0
6641,Adrenal_gland,0.0
3778,Adrenal_gland,0.0
1313,Adrenal_gland,1.0
3706,Adrenal_gland,1.0
1180,Adrenal_gland,1.0
3728,Adrenal_gland,1.0
1201,Adrenal_gland,1.0
6621,Adrenal_gland,1.0
1545,Adrenal_gland,0.0
1573,Adrenal_gland,1.0
1310,Adrenal_gland,1.0
6579,Adrenal_gland,1.0
6632,Adrenal_gland,1.0
1271,Adrenal_gland,0.0
6633,Adrenal_gland,1.0
6396,Adrenal_gland,1.0
3767,Adrenal_gland,0.0
6297,Adrenal_gland,1.0
6585,Adrenal_gland,0.0
1312,Adrenal_gland,1.0
3815,Adrenal_gland,0.0
1542,Adrenal_gland,0.0
1210,Adrenal_gland,1.0
6281,Adrenal_gland,1.0
6375,Adrenal_gland,0.0
1572,Adrenal_gland,1.0
4007,Adrenal_gland,1.0
1520,Adrenal_gland,1.0
3707,Adrenal_gland,1.0
1204,Adrenal_gland,1.0
3710,Adrenal_gland,1.0
6292,Adrenal_gland,1.0
1317,Adrenal_gland,1.0
4023,Adrenal_gland,1.0
6592,Adrenal_gland,1.0
1186,Adrenal_gland,1.0
6614,Adrenal_gland,1.0
1567,Adrenal_gland,1.0
1171,Adrenal_gland,1.0
1190,Adrenal_gland,0.0
4053,Adrenal_gland,1.0
6597,Adrenal_gland,1.0
1272,Adrenal_gland,0.0
3993,Adrenal_gland,0.0
6368,Adrenal_gland,0.0
1534,Adrenal_gland,1.0
6277,Adrenal_gland,1.0
6274,Adrenal_gland,1.0
6273,Adrenal_gland,1.0
6580,Adrenal_gland,1.0
1196,Adrenal_gland,1.0
6627,Adrenal_gland,1.0
6370,Adrenal_gland,0.0
1554,Adrenal_gland,1.0
1213,Adrenal_gland,1.0
3718,Adrenal_gland,1.0
6594,Adrenal_gland,1.0
6620,Adrenal_gland,1.0
6301,Adrenal_gland,1.0
1565,Adrenal_gland,1.0
6294,Adrenal_gland,1.0
1193,Adrenal_gland,1.0
1217,Adrenal_gland,1.0
1531,Adrenal_gland,0.0
4018,Adrenal_gland,0.0
1557,Adrenal_gland,1.0
6634,Adrenal_gland,1.0
1273,Adrenal_gland,0.0
3690,Adrenal_gland,1.0
1195,Adrenal_gland,1.0
1188,Adrenal_gland,1.0
1306,Adrenal_gland,1.0
4038,Adrenal_gland,1.0
6615,Adrenal_gland,1.0
1202,Adrenal_gland,1.0
1525,Adrenal_gland,1.0
6289,Adrenal_gland,1.0
3726,Adrenal_gland,1.0
1535,Adrenal_gland,1.0
4000,Adrenal_gland,1.0
6638,Adrenal_gland,0.0
3705,Adrenal_gland,1.0
6382,Adrenal_gland,0.0
4045,Adrenal_gland,0.0
6628,Adrenal_gland,1.0
1176,Adrenal_gland,1.0
1216,Adrenal_gland,1.0
3701,Adrenal_gland,1.0
6637,Adrenal_gland,0.0
6586,Adrenal_gland,0.0
4048,Adrenal_gland,0.0
1187,Adrenal_gland,1.0
6613,Adrenal_gland,1.0
1558,Adrenal_gland,1.0
6302,Adrenal_gland,1.0
1174,Adrenal_gland,1.0
1189,Adrenal_gland,0.0
3721,Adrenal_gland,1.0
1276,Adrenal_gland,0.0
6618,Adrenal_gland,1.0
6391,Adrenal_gland,1.0
1303,Adrenal_gland,1.0
1551,Adrenal_gland,1.0
4050,Adrenal_gland,1.0
6377,Adrenal_gland,0.0
1200,Adrenal_gland,1.0
3693,Adrenal_gland,1.0
3823,Adrenal_gland,1.0
4002,Adrenal_gland,1.0
1197,Adrenal_gland,1.0
1178,Adrenal_gland,1.0
3729,Adrenal_gland,1.0
6606,Adrenal_gland,0.0
1549,Adrenal_gland,1.0
6307,Adrenal_gland,1.0
6617,Adrenal_gland,0.0
1559,Adrenal_gland,1.0
1555,Adrenal_gland,1.0
3694,Adrenal_gland,1.0
3821,Adrenal_gland,1.0
6313,Adrenal_gland,1.0
6323,Adrenal_gland,1.0
3810,Adrenal_gland,1.0
6319,Adrenal_gland,1.0
6598,Adrenal_gland,1.0
6310,Adrenal_gland,1.0
6284,Adrenal_gland,1.0
3766,Adrenal_gland,0.0
3811,Adrenal_gland,1.0
1550,Adrenal_gland,1.0
6640,Adrenal_gland,1.0
3698,Adrenal_gland,1.0
4010,Adrenal_gland,0.0
6590,Adrenal_gland,1.0
6607,Adrenal_gland,0.0
1524,Adrenal_gland,1.0
6616,Adrenal_gland,1.0
3725,Adrenal_gland,1.0
1314,Adrenal_gland,1.0
6393,Adrenal_gland,1.0
6596,Adrenal_gland,1.0
1560,Adrenal_gland,1.0
6306,Adrenal_gland,1.0
6317,Adrenal_gland,1.0
3779,Adrenal_gland,0.0
4020,Adrenal_gland,1.0
4054,Adrenal_gland,1.0
3807,Adrenal_gland,1.0
6366,Adrenal_gland,0.0
6325,Adrenal_gland,1.0
3995,Adrenal_gland,0.0
1207,Adrenal_gland,1.0
3692,Adrenal_gland,1.0
6602,Adrenal_gland,0.0
3770,Adrenal_gland,0.0
4012,Adrenal_gland,0.0
4026,Adrenal_gland,1.0
1275,Adrenal_gland,0.0
1552,Adrenal_gland,1.0
3808,Adrenal_gland,1.0
3820,Adrenal_gland,1.0
1177,Adrenal_gland,1.0
6593,Adrenal_gland,1.0
6291,Adrenal_gland,1.0
3711,Adrenal_gland,1.0
3703,Adrenal_gland,1.0
3730,Adrenal_gland,1.0
1181,Adrenal_gland,1.0
4004,Adrenal_gland,1.0
1544,Adrenal_gland,0.0
1522,Adrenal_gland,1.0
4022,Adrenal_gland,1.0
4047,Adrenal_gland,0.0
3720,Adrenal_gland,1.0
6619,Adrenal_gland,1.0
6625,Adrenal_gland,1.0
6311,Adrenal_gland,1.0
6392,Adrenal_gland,1.0
3822,Adrenal_gland,1.0
3806,Adrenal_gland,1.0
1530,Adrenal_gland,0.0
6622,Adrenal_gland,1.0
3716,Adrenal_gland,1.0
3816,Adrenal_gland,1.0
3700,Adrenal_gland,1.0
1173,Adrenal_gland,1.0
1533,Adrenal_gland,1.0
1309,Adrenal_gland,1.0
6591,Adrenal_gland,1.0
1564,Adrenal_gland,1.0
6312,Adrenal_gland,1.0
1537,Adrenal_gland,1.0
3696,Adrenal_gland,1.0
6321,Adrenal_gland,1.0
4035,Adrenal_gland,1.0
1538,Adrenal_gland,1.0
6394,Adrenal_gland,1.0
1308,Adrenal_gland,1.0
1194,Adrenal_gland,1.0
1208,Adrenal_gland,1.0
3697,Adrenal_gland,1.0
1563,Adrenal_gland,1.0
6603,Adrenal_gland,0.0
3814,Adrenal_gland,1.0
3768,Adrenal_gland,0.0
1307,Adrenal_gland,1.0
6626,Adrenal_gland,1.0
4039,Adrenal_gland,1.0
6401,Adrenal_gland,1.0
6600,Adrenal_gland,0.0
4034,Adrenal_gland,1.0
6374,Adrenal_gland,0.0
4011,Adrenal_gland,0.0
1566,Adrenal_gland,1.0
3699,Adrenal_gland,1.0
6324,Adrenal_gland,1.0
6584,Adrenal_gland,0.0
3996,Adrenal_gland,0.0
4001,Adrenal_gland,1.0
1527,Adrenal_gland,0.0
6577,Adrenal_gland,1.0
3992,Adrenal_gland,1.0
4021,Adrenal_gland,1.0
6578,Adrenal_gland,1.0
4017,Adrenal_gland,0.0
6275,Adrenal_gland,1.0
6635,Adrenal_gland,0.0
3769,Adrenal_gland,0.0
4019,Adrenal_gland,0.0
6300,Adrenal_gland,1.0
4028,Adrenal_gland,1.0
6400,Adrenal_gland,1.0
1570,Adrenal_gland,1.0
1209,Adrenal_gland,1.0
1182,Adrenal_gland,1.0
6286,Adrenal_gland,1.0
3771,Adrenal_gland,0.0
6287,Adrenal_gland,1.0
6589,Adrenal_gland,1.0
1553,Adrenal_gland,1.0
3765,Adrenal_gland,0.0
4041,Adrenal_gland,1.0
6379,Adrenal_gland,0.0
6276,Adrenal_gland,1.0
6630,Adrenal_gland,1.0
6304,Adrenal_gland,1.0
4006,Adrenal_gland,1.0
4044,Adrenal_gland,1.0
3717,Adrenal_gland,1.0
3689,Adrenal_gland,1.0
3809,Adrenal_gland,1.0
4031,Adrenal_gland,1.0
4005,Adrenal_gland,1.0
1556,Adrenal_gland,1.0
1561,Adrenal_gland,1.0
3997,Adrenal_gland,0.0
6380,Adrenal_gland,0.0
6624,Adrenal_gland,1.0
1568,Adrenal_gland,1.0
6397,Adrenal_gland,1.0
1548,Adrenal_gland,0.0
6314,Adrenal_gland,1.0
1574,Adrenal_gland,0.0
6308,Adrenal_gland,1.0
1215,Adrenal_gland,1.0
6611,Adrenal_gland,0.0
1305,Adrenal_gland,1.0
1526,Adrenal_gland,0.0
4015,Adrenal_gland,0.0
3772,Adrenal_gland,0.0
3712,Adrenal_gland,1.0
1183,Adrenal_gland,1.0
1206,Adrenal_gland,1.0
1199,Adrenal_gland,1.0
3723,Adrenal_gland,1.0
3695,Adrenal_gland,1.0
6644,Adrenal_gland,1.0
6288,Adrenal_gland,1.0
3994,Adrenal_gland,0.0
1536,Adrenal_gland,1.0
1267,Adrenal_gland,0.0
4013,Adrenal_gland,0.0
6326,Adrenal_gland,1.0
6322,Adrenal_gland,1.0
3764,Adrenal_gland,0.0
1212,Adrenal_gland,1.0
6587,Adrenal_gland,1.0
3818,Adrenal_gland,1.0
6272,Adrenal_gland,1.0
4027,Adrenal_gland,1.0
6398,Adrenal_gland,1.0
1646,Bile-duct,0.0
6528,Bile-duct,1.0
3866,Bile-duct,1.0
6681,Bile-duct,1.0
6728,Bile-duct,0.0
1478,Bile-duct,0.0
1633,Bile-duct,1.0
1638,Bile-duct,0.0
1400,Bile-duct,1.0
1477,Bile-duct,1.0
1475,Bile-duct,1.0
1595,Bile-duct,0.0
6680,Bile-duct,1.0
1591,Bile-duct,1.0
6520,Bile-duct,0.0
6724,Bile-duct,1.0
1379,Bile-duct,1.0
4094,Bile-duct,1.0
3939,Bile-duct,1.0
4078,Bile-duct,0.0
3935,Bile-duct,0.0
4086,Bile-duct,1.0
6659,Bile-duct,0.0
4075,Bile-duct,0.0
1460,Bile-duct,0.0
6665,Bile-duct,1.0
1461,Bile-duct,0.0
6462,Bile-duct,1.0
6436,Bile-duct,1.0
1580,Bile-duct,0.0
6523,Bile-duct,0.0
1617,Bile-duct,0.0
4055,Bile-duct,0.0
3937,Bile-duct,0.0
6649,Bile-duct,0.0
3927,Bile-duct,1.0
4065,Bile-duct,0.0
1409,Bile-duct,1.0
3859,Bile-duct,1.0
6427,Bile-duct,1.0
1576,Bile-duct,0.0
1577,Bile-duct,0.0
6727,Bile-duct,0.0
1403,Bile-duct,1.0
1614,Bile-duct,0.0
6687,Bile-duct,0.0
1649,Bile-duct,1.0
6459,Bile-duct,1.0
6679,Bile-duct,0.0
1385,Bile-duct,1.0
1579,Bile-duct,0.0
6511,Bile-duct,1.0
1370,Bile-duct,1.0
1389,Bile-duct,1.0
6711,Bile-duct,1.0
6443,Bile-duct,1.0
6445,Bile-duct,0.0
6442,Bile-duct,1.0
1578,Bile-duct,0.0
1583,Bile-duct,0.0
6668,Bile-duct,0.0
1605,Bile-duct,0.0
1395,Bile-duct,1.0
6691,Bile-duct,1.0
3863,Bile-duct,1.0
6678,Bile-duct,0.0
6431,Bile-duct,1.0
1447,Bile-duct,1.0
3864,Bile-duct,1.0
6682,Bile-duct,1.0
1625,Bile-duct,1.0
6674,Bile-duct,0.0
6461,Bile-duct,1.0
6437,Bile-duct,1.0
1392,Bile-duct,1.0
1451,Bile-duct,1.0
6449,Bile-duct,1.0
1594,Bile-duct,0.0
6718,Bile-duct,0.0
6720,Bile-duct,0.0
1462,Bile-duct,1.0
6723,Bile-duct,0.0
1394,Bile-duct,1.0
1387,Bile-duct,1.0
1471,Bile-duct,1.0
1632,Bile-duct,0.0
1401,Bile-duct,1.0
1585,Bile-duct,1.0
6454,Bile-duct,1.0
6683,Bile-duct,1.0
6527,Bile-duct,1.0
1654,Bile-duct,0.0
4093,Bile-duct,1.0
3947,Bile-duct,1.0
4057,Bile-duct,0.0
1375,Bile-duct,1.0
1450,Bile-duct,1.0
6446,Bile-duct,1.0
6714,Bile-duct,1.0
6673,Bile-duct,0.0
6430,Bile-duct,1.0
1386,Bile-duct,0.0
6700,Bile-duct,0.0
4095,Bile-duct,1.0
6496,Bile-duct,1.0
1373,Bile-duct,1.0
1388,Bile-duct,1.0
6705,Bile-duct,1.0
1465,Bile-duct,1.0
3946,Bile-duct,1.0
1655,Bile-duct,0.0
1468,Bile-duct,1.0
1611,Bile-duct,1.0
6505,Bile-duct,1.0
6506,Bile-duct,1.0
1627,Bile-duct,1.0
6517,Bile-duct,1.0
6658,Bile-duct,1.0
6694,Bile-duct,1.0
1396,Bile-duct,1.0
1377,Bile-duct,1.0
3942,Bile-duct,1.0
6703,Bile-duct,1.0
1609,Bile-duct,1.0
1602,Bile-duct,0.0
6670,Bile-duct,0.0
1399,Bile-duct,1.0
1641,Bile-duct,1.0
6704,Bile-duct,0.0
1619,Bile-duct,0.0
1615,Bile-duct,0.0
6463,Bile-duct,1.0
6433,Bile-duct,1.0
1642,Bile-duct,1.0
1656,Bile-duct,0.0
6685,Bile-duct,0.0
6504,Bile-duct,1.0
4058,Bile-duct,0.0
1653,Bile-duct,0.0
6455,Bile-duct,1.0
1610,Bile-duct,1.0
3923,Bile-duct,0.0
3936,Bile-duct,0.0
1658,Bile-duct,0.0
3924,Bile-duct,1.0
1584,Bile-duct,0.0
3868,Bile-duct,1.0
3856,Bile-duct,1.0
1575,Bile-duct,0.0
4056,Bile-duct,0.0
1620,Bile-duct,0.0
4069,Bile-duct,1.0
4096,Bile-duct,0.0
4085,Bile-duct,0.0
6526,Bile-duct,1.0
6689,Bile-duct,0.0
6662,Bile-duct,1.0
6690,Bile-duct,0.0
6519,Bile-duct,1.0
6650,Bile-duct,0.0
1406,Bile-duct,1.0
1640,Bile-duct,1.0
6663,Bile-duct,1.0
3867,Bile-duct,1.0
4072,Bile-duct,1.0
6495,Bile-duct,1.0
1464,Bile-duct,0.0
1612,Bile-duct,1.0
6525,Bile-duct,1.0
3941,Bile-duct,0.0
1376,Bile-duct,1.0
6499,Bile-duct,1.0
6456,Bile-duct,1.0
1659,Bile-duct,0.0
1651,Bile-duct,0.0
1380,Bile-duct,1.0
4067,Bile-duct,0.0
1604,Bile-duct,0.0
1582,Bile-duct,0.0
6702,Bile-duct,0.0
6677,Bile-duct,0.0
3858,Bile-duct,1.0
6706,Bile-duct,0.0
4084,Bile-duct,0.0
4091,Bile-duct,0.0
6708,Bile-duct,0.0
6726,Bile-duct,0.0
1590,Bile-duct,1.0
4070,Bile-duct,1.0
3854,Bile-duct,1.0
3938,Bile-duct,1.0
1648,Bile-duct,1.0
1372,Bile-duct,1.0
1593,Bile-duct,0.0
1474,Bile-duct,1.0
4074,Bile-duct,0.0
1624,Bile-duct,1.0
1597,Bile-duct,0.0
1644,Bile-duct,0.0
6515,Bile-duct,1.0
6701,Bile-duct,0.0
1598,Bile-duct,0.0
6664,Bile-duct,0.0
1473,Bile-duct,1.0
1393,Bile-duct,1.0
1407,Bile-duct,1.0
1645,Bile-duct,0.0
1623,Bile-duct,1.0
4076,Bile-duct,0.0
3945,Bile-duct,1.0
3925,Bile-duct,1.0
1472,Bile-duct,1.0
6654,Bile-duct,0.0
6712,Bile-duct,1.0
4092,Bile-duct,0.0
4097,Bile-duct,0.0
6647,Bile-duct,0.0
4100,Bile-duct,0.0
1626,Bile-duct,1.0
1647,Bile-duct,0.0
6518,Bile-duct,1.0
1587,Bile-duct,1.0
6666,Bile-duct,0.0
4066,Bile-duct,0.0
4081,Bile-duct,0.0
6667,Bile-duct,0.0
6672,Bile-duct,0.0
6440,Bile-duct,1.0
6514,Bile-duct,1.0
3926,Bile-duct,1.0
6439,Bile-duct,1.0
6521,Bile-duct,0.0
6452,Bile-duct,1.0
6464,Bile-duct,1.0
1630,Bile-duct,0.0
1408,Bile-duct,1.0
1381,Bile-duct,1.0
6451,Bile-duct,1.0
3928,Bile-duct,0.0
4102,Bile-duct,1.0
1613,Bile-duct,1.0
3922,Bile-duct,1.0
4105,Bile-duct,0.0
6501,Bile-duct,1.0
6450,Bile-duct,1.0
6707,Bile-duct,1.0
1618,Bile-duct,0.0
6699,Bile-duct,0.0
6710,Bile-duct,0.0
6716,Bile-duct,0.0
6498,Bile-duct,1.0
4080,Bile-duct,0.0
6693,Bile-duct,1.0
4108,Bile-duct,0.0
3855,Bile-duct,1.0
6676,Bile-duct,0.0
1637,Bile-duct,1.0
3940,Bile-duct,1.0
4079,Bile-duct,0.0
1616,Bile-duct,0.0
1621,Bile-duct,1.0
4071,Bile-duct,1.0
6652,Bile-duct,0.0
6448,Bile-duct,1.0
1628,Bile-duct,0.0
6730,Bile-duct,0.0
1608,Bile-duct,1.0
6508,Bile-duct,1.0
1634,Bile-duct,1.0
6713,Bile-duct,1.0
1449,Bile-duct,1.0
6698,Bile-duct,0.0
1470,Bile-duct,1.0
1586,Bile-duct,1.0
4089,Bile-duct,1.0
3929,Bile-duct,1.0
3850,Bile-duct,1.0
1382,Bile-duct,1.0
1405,Bile-duct,1.0
1398,Bile-duct,1.0
3861,Bile-duct,1.0
1643,Bile-duct,1.0
6648,Bile-duct,0.0
6512,Bile-duct,1.0
4068,Bile-duct,0.0
1596,Bile-duct,0.0
1456,Bile-duct,1.0
4087,Bile-duct,1.0
6510,Bile-duct,1.0
6516,Bile-duct,0.0
3921,Bile-duct,1.0
1446,Bile-duct,1.0
6719,Bile-duct,0.0
3949,Bile-duct,0.0
4123,Bladder,0.0
6741,Bladder,1.0
3481,Bladder,0.0
1677,Bladder,0.0
4120,Bladder,0.0
6764,Bladder,1.0
3483,Bladder,1.0
4158,Bladder,1.0
4144,Bladder,1.0
1676,Bladder,0.0
1670,Bladder,0.0
6759,Bladder,1.0
6785,Bladder,0.0
4156,Bladder,1.0
6781,Bladder,0.0
4114,Bladder,1.0
4138,Bladder,0.0
6783,Bladder,0.0
3484,Bladder,1.0
4133,Bladder,0.0
6740,Bladder,1.0
6766,Bladder,1.0
1669,Bladder,0.0
4145,Bladder,1.0
4109,Bladder,1.0
6737,Bladder,1.0
4142,Bladder,0.0
6745,Bladder,0.0
6758,Bladder,0.0
1667,Bladder,0.0
1662,Bladder,1.0
3480,Bladder,0.0
6767,Bladder,1.0
6772,Bladder,1.0
1674,Bladder,0.0
1668,Bladder,0.0
6782,Bladder,0.0
6032,Bladder,1.0
4146,Bladder,1.0
4129,Bladder,0.0
6779,Bladder,0.0
6778,Bladder,0.0
6755,Bladder,0.0
923,Bladder,1.0
6761,Bladder,1.0
6777,Bladder,0.0
3482,Bladder,1.0
4118,Bladder,1.0
6748,Bladder,0.0
3474,Bladder,1.0
3475,Bladder,1.0
3473,Bladder,1.0
4159,Bladder,1.0
4147,Bladder,0.0
4122,Bladder,0.0
1673,Bladder,0.0
6742,Bladder,0.0
4117,Bladder,0.0
4134,Bladder,0.0
6039,Bladder,0.0
3472,Bladder,1.0
4143,Bladder,0.0
6030,Bladder,1.0
6754,Bladder,0.0
4125,Bladder,0.0
6757,Bladder,0.0
6786,Bladder,0.0
4111,Bladder,1.0
6040,Bladder,1.0
6739,Bladder,1.0
4140,Bladder,0.0
4151,Bladder,1.0
4154,Bladder,1.0
4131,Bladder,0.0
1663,Bladder,0.0
6773,Bladder,1.0
6738,Bladder,1.0
4127,Bladder,0.0
4113,Bladder,1.0
4155,Bladder,1.0
4112,Bladder,1.0
6763,Bladder,1.0
1665,Bladder,0.0
4121,Bladder,0.0
4148,Bladder,0.0
6788,Bladder,0.0
6031,Bladder,1.0
6771,Bladder,1.0
6775,Bladder,0.0
6733,Bladder,1.0
1666,Bladder,0.0
1671,Bladder,0.0
6756,Bladder,0.0
6762,Bladder,1.0
1661,Bladder,1.0
1675,Bladder,0.0
4116,Bladder,0.0
4150,Bladder,1.0
6768,Bladder,1.0
1664,Bladder,0.0
6749,Bladder,0.0
6744,Bladder,1.0
1660,Bladder,1.0
5839,Breast,1.0
668,Breast,1.0
5608,Breast,1.0
1729,Breast,1.0
5656,Breast,1.0
350,Breast,1.0
4195,Breast,0.0
111,Breast,0.0
5554,Breast,1.0
3295,Breast,1.0
5673,Breast,1.0
5666,Breast,1.0
6812,Breast,1.0
5529,Breast,1.0
3243,Breast,0.0
134,Breast,0.0
2866,Breast,0.0
56,Breast,1.0
208,Breast,0.0
629,Breast,1.0
2808,Breast,0.0
5701,Breast,1.0
332,Breast,1.0
5416,Breast,1.0
2923,Breast,1.0
5232,Breast,0.0
342,Breast,0.0
5736,Breast,1.0
3294,Breast,0.0
482,Breast,0.0
229,Breast,0.0
2907,Breast,1.0
611,Breast,1.0
3178,Breast,0.0
5407,Breast,0.0
5549,Breast,1.0
299,Breast,1.0
463,Breast,1.0
5389,Breast,0.0
3073,Breast,1.0
581,Breast,1.0
218,Breast,0.0
4191,Breast,0.0
2854,Breast,0.0
5193,Breast,1.0
2961,Breast,1.0
5719,Breast,0.0
5774,Breast,0.0
6795,Breast,0.0
5552,Breast,1.0
507,Breast,1.0
445,Breast,0.0
3330,Breast,1.0
6840,Breast,1.0
678,Breast,0.0
5726,Breast,1.0
1713,Breast,1.0
2708,Breast,0.0
5381,Breast,0.0
5236,Breast,0.0
44,Breast,1.0
686,Breast,1.0
3140,Breast,1.0
5794,Breast,1.0
440,Breast,1.0
2876,Breast,0.0
254,Breast,0.0
479,Breast,1.0
282,Breast,0.0
5287,Breast,0.0
5728,Breast,1.0
3208,Breast,1.0
1680,Breast,0.0
5465,Breast,1.0
672,Breast,1.0
5317,Breast,1.0
279,Breast,0.0
596,Breast,1.0
486,Breast,1.0
651,Breast,0.0
2967,Breast,1.0
2710,Breast,0.0
433,Breast,1.0
5183,Breast,1.0
3122,Breast,1.0
6800,Breast,0.0
5699,Breast,1.0
2810,Breast,0.0
5833,Breast,1.0
252,Breast,0.0
5587,Breast,1.0
5353,Breast,0.0
5638,Breast,1.0
2698,Breast,1.0
4168,Breast,1.0
3304,Breast,1.0
100,Breast,1.0
5777,Breast,1.0
5316,Breast,0.0
693,Breast,1.0
435,Breast,1.0
5398,Breast,0.0
5829,Breast,0.0
3209,Breast,1.0
430,Breast,1.0
670,Breast,1.0
2684,Breast,1.0
5565,Breast,1.0
3206,Breast,1.0
3144,Breast,1.0
3025,Breast,1.0
3066,Breast,1.0
5654,Breast,1.0
3162,Breast,1.0
3027,Breast,1.0
4196,Breast,0.0
2678,Breast,0.0
237,Breast,1.0
432,Breast,1.0
5275,Breast,0.0
529,Breast,1.0
5449,Breast,1.0
5429,Breast,0.0
6038,Breast,1.0
3108,Breast,0.0
5776,Breast,1.0
1730,Breast,1.0
5382,Breast,0.0
2755,Breast,0.0
196,Breast,1.0
1731,Breast,1.0
29,Breast,1.0
461,Breast,1.0
3040,Breast,0.0
2802,Breast,1.0
179,Breast,0.0
367,Breast,1.0
548,Breast,1.0
3224,Breast,1.0
368,Breast,1.0
5306,Breast,0.0
422,Breast,1.0
5567,Breast,1.0
173,Breast,1.0
5196,Breast,1.0
471,Breast,1.0
2721,Breast,1.0
478,Breast,1.0
5658,Breast,1.0
602,Breast,1.0
5278,Breast,0.0
3169,Breast,1.0
69,Breast,0.0
5690,Breast,0.0
426,Breast,1.0
3167,Breast,1.0
5430,Breast,0.0
485,Breast,1.0
96,Breast,1.0
247,Breast,0.0
5720,Breast,1.0
5874,Breast,1.0
383,Breast,1.0
472,Breast,0.0
210,Breast,0.0
2766,Breast,1.0
5568,Breast,0.0
5700,Breast,1.0
5186,Breast,1.0
3445,Breast,1.0
4176,Breast,0.0
3121,Breast,1.0
5760,Breast,0.0
3247,Breast,0.0
3273,Breast,1.0
480,Breast,1.0
3117,Breast,1.0
5850,Breast,1.0
495,Breast,1.0
5270,Breast,0.0
527,Breast,1.0
5757,Breast,1.0
5733,Breast,1.0
4161,Breast,0.0
5746,Breast,1.0
5791,Breast,0.0
5570,Breast,0.0
3045,Breast,1.0
211,Breast,0.0
321,Breast,0.0
695,Breast,1.0
3265,Breast,1.0
361,Breast,1.0
2702,Breast,0.0
259,Breast,0.0
5284,Breast,0.0
2777,Breast,0.0
6834,Breast,1.0
6804,Breast,1.0
3033,Breast,1.0
3188,Breast,0.0
5569,Breast,1.0
2934,Breast,1.0
3036,Breast,1.0
5339,Breast,0.0
5675,Breast,1.0
5300,Breast,0.0
408,Breast,1.0
5731,Breast,1.0
508,Breast,1.0
67,Breast,0.0
1728,Breast,1.0
5338,Breast,1.0
3235,Breast,0.0
48,Breast,0.0
544,Breast,1.0
509,Breast,1.0
3102,Breast,1.0
251,Breast,0.0
5181,Breast,1.0
416,Breast,1.0
3186,Breast,0.0
5247,Breast,0.0
2992,Breast,1.0
3092,Breast,0.0
618,Breast,1.0
450,Breast,1.0
3093,Breast,0.0
3149,Breast,1.0
2688,Breast,0.0
291,Breast,0.0
5400,Breast,0.0
5643,Breast,1.0
3052,Breast,1.0
2827,Breast,0.0
5783,Breast,1.0
1738,Breast,1.0
296,Breast,1.0
3193,Breast,1.0
410,Breast,1.0
2833,Breast,0.0
528,Breast,1.0
3132,Breast,1.0
3211,Breast,1.0
637,Breast,1.0
1688,Breast,1.0
5189,Breast,1.0
5661,Breast,1.0
5530,Breast,1.0
5588,Breast,1.0
188,Breast,0.0
1707,Breast,0.0
240,Breast,0.0
3284,Breast,1.0
2914,Breast,1.0
70,Breast,0.0
5709,Breast,1.0
5798,Breast,1.0
73,Breast,1.0
5257,Breast,0.0
2658,Breast,1.0
3214,Breast,1.0
4163,Breast,0.0
5581,Breast,1.0
3100,Breast,1.0
157,Breast,1.0
565,Breast,0.0
5635,Breast,0.0
2667,Breast,1.0
407,Breast,1.0
6014,Breast,1.0
5832,Breast,1.0
2756,Breast,0.0
51,Breast,1.0
5512,Breast,1.0
2744,Breast,1.0
3051,Breast,1.0
5606,Breast,1.0
5531,Breast,1.0
5209,Breast,1.0
2893,Breast,0.0
3097,Breast,1.0
3443,Breast,1.0
630,Breast,1.0
5352,Breast,0.0
2660,Breast,1.0
5207,Breast,1.0
610,Breast,1.0
5452,Breast,1.0
220,Breast,0.0
2980,Breast,0.0
5604,Breast,1.0
84,Breast,0.0
3292,Breast,0.0
5418,Breast,0.0
109,Breast,0.0
6826,Breast,0.0
420,Breast,1.0
290,Breast,1.0
694,Breast,1.0
2690,Breast,0.0
2696,Breast,0.0
617,Breast,1.0
2929,Breast,1.0
5879,Breast,1.0
5880,Breast,1.0
212,Breast,0.0
5378,Breast,0.0
5578,Breast,1.0
5437,Breast,0.0
719,Breast,1.0
18,Breast,1.0
5821,Breast,1.0
3227,Breast,0.0
5439,Breast,0.0
5328,Breast,0.0
2884,Breast,0.0
76,Breast,1.0
2781,Breast,1.0
5504,Breast,1.0
5610,Breast,1.0
1740,Breast,1.0
1719,Breast,0.0
168,Breast,0.0
387,Breast,1.0
2999,Breast,1.0
3016,Breast,1.0
5810,Breast,1.0
219,Breast,0.0
2819,Breast,0.0
3270,Breast,1.0
303,Breast,1.0
6828,Breast,1.0
5255,Breast,0.0
438,Breast,1.0
530,Breast,1.0
6838,Breast,1.0
3252,Breast,0.0
5878,Breast,1.0
2941,Breast,1.0
5680,Breast,1.0
231,Breast,0.0
5208,Breast,1.0
135,Breast,0.0
25,Breast,1.0
3024,Breast,1.0
1686,Breast,0.0
5470,Breast,0.0
3283,Breast,1.0
2732,Breast,0.0
192,Breast,0.0
289,Breast,0.0
414,Breast,1.0
4190,Breast,0.0
3145,Breast,1.0
2759,Breast,0.0
5331,Breast,1.0
5778,Breast,1.0
128,Breast,0.0
5542,Breast,1.0
2715,Breast,0.0
233,Breast,0.0
5330,Breast,1.0
307,Breast,1.0
5345,Breast,0.0
613,Breast,1.0
5623,Breast,1.0
2703,Breast,0.0
5780,Breast,1.0
177,Breast,0.0
5873,Breast,1.0
5827,Breast,1.0
5391,Breast,0.0
184,Breast,0.0
5864,Breast,1.0
3139,Breast,1.0
5754,Breast,1.0
3479,Breast,1.0
298,Breast,1.0
402,Breast,1.0
2858,Breast,0.0
575,Breast,1.0
6011,Breast,1.0
5741,Breast,1.0
1721,Breast,0.0
5213,Breast,1.0
178,Breast,0.0
3163,Breast,1.0
5269,Breast,1.0
727,Breast,1.0
5408,Breast,0.0
5499,Breast,1.0
522,Breast,1.0
118,Breast,0.0
464,Breast,1.0
3189,Breast,1.0
5859,Breast,1.0
511,Breast,1.0
5566,Breast,1.0
5647,Breast,1.0
5713,Breast,0.0
555,Breast,1.0
3078,Breast,0.0
2735,Breast,0.0
620,Breast,0.0
621,Breast,0.0
366,Breast,1.0
3090,Breast,1.0
3107,Breast,1.0
5538,Breast,1.0
677,Breast,0.0
2773,Breast,0.0
2950,Breast,0.0
203,Breast,0.0
174,Breast,0.0
5323,Breast,0.0
120,Breast,1.0
283,Breast,1.0
2805,Breast,0.0
598,Breast,1.0
5334,Breast,1.0
5803,Breast,0.0
3007,Breast,1.0
554,Breast,1.0
275,Breast,1.0
5837,Breast,1.0
636,Breast,1.0
360,Breast,1.0
3220,Breast,1.0
5204,Breast,1.0
2793,Breast,0.0
605,Breast,1.0
5743,Breast,1.0
2879,Breast,1.0
3222,Breast,0.0
1708,Breast,0.0
3173,Breast,1.0
599,Breast,1.0
286,Breast,1.0
5796,Breast,0.0
406,Breast,1.0
3316,Breast,0.0
163,Breast,0.0
5211,Breast,0.0
423,Breast,1.0
5863,Breast,1.0
2957,Breast,1.0
632,Breast,0.0
5485,Breast,0.0
3259,Breast,1.0
5253,Breast,1.0
5869,Breast,1.0
3098,Breast,1.0
700,Breast,1.0
457,Breast,1.0
650,Breast,1.0
2729,Breast,1.0
230,Breast,0.0
5564,Breast,1.0
2913,Breast,1.0
3147,Breast,1.0
5346,Breast,0.0
5327,Breast,0.0
2897,Breast,0.0
733,Breast,1.0
324,Breast,1.0
5845,Breast,1.0
374,Breast,1.0
2663,Breast,1.0
3159,Breast,1.0
5445,Breast,0.0
564,Breast,1.0
297,Breast,0.0
2761,Breast,1.0
239,Breast,0.0
99,Breast,1.0
3290,Breast,1.0
281,Breast,0.0
354,Breast,1.0
3142,Breast,0.0
5679,Breast,1.0
642,Breast,1.0
3113,Breast,1.0
3058,Breast,1.0
2909,Breast,1.0
2752,Breast,1.0
5477,Breast,1.0
124,Breast,0.0
5670,Breast,0.0
185,Breast,0.0
5571,Breast,1.0
532,Breast,1.0
2686,Breast,1.0
3195,Breast,1.0
5245,Breast,0.0
5179,Breast,1.0
5370,Breast,0.0
3232,Breast,1.0
65,Breast,0.0
3095,Breast,0.0
353,Breast,1.0
643,Breast,1.0
5551,Breast,1.0
3328,Breast,1.0
5210,Breast,1.0
2956,Breast,1.0
3061,Breast,1.0
5515,Breast,1.0
49,Breast,0.0
5248,Breast,1.0
5632,Breast,1.0
2754,Breast,1.0
2669,Breast,1.0
3210,Breast,1.0
5745,Breast,0.0
23,Breast,1.0
2758,Breast,1.0
1706,Breast,0.0
2931,Breast,1.0
5849,Breast,1.0
5595,Breast,1.0
5342,Breast,0.0
5483,Breast,0.0
2916,Breast,1.0
311,Breast,0.0
351,Breast,1.0
306,Breast,1.0
2790,Breast,1.0
2863,Breast,0.0
5561,Breast,1.0
5351,Breast,0.0
930,Breast,1.0
2966,Breast,1.0
5185,Breast,1.0
5223,Breast,1.0
5681,Breast,1.0
2815,Breast,0.0
13,Breast,1.0
5547,Breast,1.0
514,Breast,1.0
409,Breast,1.0
1709,Breast,0.0
5642,Breast,1.0
5500,Breast,1.0
2778,Breast,0.0
729,Breast,1.0
647,Breast,0.0
5546,Breast,1.0
382,Breast,1.0
1742,Breast,1.0
3240,Breast,1.0
3116,Breast,1.0
2846,Breast,0.0
5841,Breast,1.0
5629,Breast,1.0
5684,Breast,1.0
582,Breast,0.0
2882,Breast,0.0
705,Breast,1.0
3021,Breast,1.0
5475,Breast,1.0
8,Breast,1.0
316,Breast,0.0
5639,Breast,0.0
427,Breast,1.0
105,Breast,0.0
3130,Breast,1.0
121,Breast,1.0
3181,Breast,0.0
5297,Breast,0.0
5877,Breast,1.0
5292,Breast,0.0
115,Breast,1.0
4170,Breast,1.0
5797,Breast,1.0
685,Breast,0.0
905,Breast,1.0
6033,Breast,1.0
5653,Breast,1.0
1703,Breast,1.0
3076,Breast,1.0
901,Breast,1.0
552,Breast,1.0
87,Breast,0.0
3301,Breast,1.0
5872,Breast,1.0
3234,Breast,1.0
2830,Breast,1.0
4185,Breast,1.0
5520,Breast,0.0
543,Breast,1.0
4173,Breast,1.0
494,Breast,1.0
2975,Breast,1.0
5730,Breast,0.0
5349,Breast,0.0
5322,Breast,0.0
71,Breast,0.0
63,Breast,0.0
3049,Breast,1.0
3084,Breast,1.0
2674,Breast,1.0
3028,Breast,1.0
5443,Breast,1.0
2954,Breast,1.0
5272,Breast,0.0
4175,Breast,0.0
2760,Breast,0.0
3170,Breast,1.0
205,Breast,0.0
2670,Breast,1.0
5592,Breast,1.0
557,Breast,1.0
377,Breast,1.0
535,Breast,1.0
2960,Breast,1.0
3285,Breast,1.0
198,Breast,1.0
561,Breast,1.0
2890,Breast,0.0
590,Breast,1.0
519,Breast,1.0
308,Breast,1.0
5478,Breast,0.0
5831,Breast,0.0
59,Breast,0.0
2665,Breast,1.0
6809,Breast,1.0
207,Breast,0.0
5375,Breast,0.0
3180,Breast,0.0
3317,Breast,1.0
162,Breast,0.0
3099,Breast,1.0
5347,Breast,0.0
2862,Breast,0.0
256,Breast,0.0
506,Breast,1.0
5393,Breast,0.0
5548,Breast,1.0
649,Breast,1.0
3286,Breast,1.0
20,Breast,1.0
5249,Breast,1.0
3006,Breast,1.0
381,Breast,1.0
538,Breast,0.0
2691,Breast,0.0
679,Breast,0.0
83,Breast,0.0
5404,Breast,0.0
3008,Breast,1.0
3110,Breast,1.0
270,Breast,1.0
2718,Breast,1.0
2794,Breast,0.0
5374,Breast,0.0
2717,Breast,0.0
2939,Breast,0.0
5450,Breast,1.0
429,Breast,1.0
5496,Breast,1.0
2792,Breast,0.0
5824,Breast,1.0
458,Breast,1.0
78,Breast,1.0
5693,Breast,1.0
32,Breast,1.0
2745,Breast,1.0
5625,Breast,0.0
5715,Breast,0.0
380,Breast,1.0
226,Breast,0.0
3037,Breast,1.0
3150,Breast,0.0
305,Breast,0.0
209,Breast,0.0
2972,Breast,1.0
3281,Breast,0.0
6822,Breast,0.0
3320,Breast,1.0
715,Breast,1.0
707,Breast,1.0
5454,Breast,1.0
2829,Breast,1.0
6803,Breast,1.0
483,Breast,1.0
5229,Breast,0.0
277,Breast,1.0
6829,Breast,1.0
221,Breast,0.0
3288,Breast,1.0
571,Breast,0.0
411,Breast,1.0
2918,Breast,0.0
2932,Breast,0.0
585,Breast,1.0
2883,Breast,0.0
3331,Breast,1.0
6836,Breast,1.0
3191,Breast,1.0
674,Breast,1.0
2856,Breast,0.0
447,Breast,1.0
5383,Breast,0.0
2843,Breast,0.0
3332,Breast,1.0
3249,Breast,0.0
5366,Breast,1.0
3185,Breast,0.0
2946,Breast,0.0
45,Breast,0.0
5663,Breast,1.0
5259,Breast,1.0
294,Breast,0.0
2828,Breast,0.0
588,Breast,1.0
5514,Breast,1.0
736,Breast,1.0
2935,Breast,1.0
5541,Breast,1.0
5435,Breast,0.0
436,Breast,1.0
900,Breast,0.0
5735,Breast,1.0
393,Breast,1.0
2736,Breast,0.0
534,Breast,1.0
30,Breast,1.0
5596,Breast,1.0
4164,Breast,1.0
2943,Breast,0.0
3005,Breast,1.0
3133,Breast,1.0
5510,Breast,1.0
5686,Breast,1.0
3060,Breast,1.0
3165,Breast,1.0
5712,Breast,0.0
344,Breast,0.0
556,Breast,1.0
3071,Breast,0.0
680,Breast,1.0
903,Breast,1.0
2900,Breast,0.0
352,Breast,1.0
91,Breast,0.0
2887,Breast,0.0
5516,Breast,1.0
5559,Breast,1.0
2920,Breast,0.0
261,Breast,1.0
5344,Breast,0.0
907,Breast,1.0
929,Breast,1.0
1685,Breast,0.0
567,Breast,0.0
5517,Breast,0.0
5260,Breast,1.0
5473,Breast,1.0
2742,Breast,1.0
5788,Breast,0.0
5221,Breast,0.0
300,Breast,1.0
5280,Breast,1.0
6802,Breast,1.0
2919,Breast,0.0
5365,Breast,1.0
315,Breast,0.0
5442,Breast,1.0
453,Breast,1.0
601,Breast,1.0
175,Breast,0.0
3216,Breast,1.0
2962,Breast,1.0
37,Breast,1.0
123,Breast,0.0
3063,Breast,1.0
394,Breast,1.0
5583,Breast,1.0
5819,Breast,0.0
39,Breast,1.0
462,Breast,0.0
5591,Breast,1.0
5707,Breast,0.0
331,Breast,1.0
4184,Breast,1.0
194,Breast,1.0
5813,Breast,1.0
5884,Breast,1.0
634,Breast,0.0
322,Breast,1.0
5472,Breast,0.0
266,Breast,1.0
2886,Breast,0.0
5536,Breast,1.0
579,Breast,1.0
3166,Breast,1.0
5276,Breast,0.0
5603,Breast,1.0
5573,Breast,1.0
2720,Breast,1.0
5574,Breast,1.0
5851,Breast,1.0
3476,Breast,1.0
3127,Breast,1.0
3087,Breast,1.0
3207,Breast,1.0
5870,Breast,1.0
2896,Breast,0.0
572,Breast,0.0
2771,Breast,0.0
5748,Breast,1.0
5734,Breast,1.0
6818,Breast,1.0
5293,Breast,0.0
2770,Breast,0.0
2791,Breast,0.0
53,Breast,1.0
1693,Breast,1.0
3101,Breast,0.0
5621,Breast,1.0
3176,Breast,1.0
505,Breast,1.0
926,Breast,1.0
5215,Breast,0.0
5312,Breast,0.0
5822,Breast,1.0
3297,Breast,1.0
5619,Breast,0.0
365,Breast,1.0
5243,Breast,0.0
3215,Breast,1.0
309,Breast,1.0
5528,Breast,1.0
5773,Breast,1.0
583,Breast,0.0
5271,Breast,0.0
1692,Breast,1.0
5802,Breast,1.0
5740,Breast,1.0
152,Breast,0.0
5706,Breast,1.0
5431,Breast,0.0
2870,Breast,0.0
2685,Breast,0.0
5329,Breast,0.0
318,Breast,0.0
3201,Breast,0.0
3115,Breast,1.0
2803,Breast,0.0
5505,Breast,1.0
5225,Breast,1.0
3112,Breast,1.0
5518,Breast,0.0
3184,Breast,0.0
343,Breast,0.0
2823,Breast,0.0
398,Breast,1.0
584,Breast,0.0
704,Breast,1.0
5543,Breast,1.0
3128,Breast,1.0
292,Breast,1.0
5222,Breast,1.0
3088,Breast,1.0
2990,Breast,1.0
4182,Breast,0.0
141,Breast,1.0
2988,Breast,1.0
2,Breast,1.0
3004,Breast,1.0
576,Breast,1.0
4201,Breast,0.0
339,Breast,1.0
358,Breast,1.0
265,Breast,1.0
376,Breast,1.0
3300,Breast,1.0
5618,Breast,1.0
439,Breast,1.0
271,Breast,0.0
6837,Breast,1.0
5414,Breast,1.0
244,Breast,0.0
2814,Breast,0.0
2769,Breast,0.0
2872,Breast,0.0
2953,Breast,1.0
2822,Breast,0.0
5708,Breast,1.0
2731,Breast,0.0
607,Breast,1.0
415,Breast,1.0
273,Breast,1.0
3278,Breast,0.0
1701,Breast,1.0
2964,Breast,1.0
250,Breast,0.0
413,Breast,1.0
5815,Breast,1.0
5367,Breast,0.0
5814,Breast,1.0
310,Breast,1.0
2852,Breast,0.0
2722,Breast,0.0
2834,Breast,0.0
425,Breast,1.0
5882,Breast,1.0
5744,Breast,1.0
5727,Breast,1.0
721,Breast,1.0
5427,Breast,0.0
348,Breast,1.0
3223,Breast,1.0
2817,Breast,0.0
3057,Breast,1.0
526,Breast,1.0
2839,Breast,0.0
363,Breast,1.0
182,Breast,1.0
170,Breast,0.0
2902,Breast,0.0
3054,Breast,1.0
2865,Breast,0.0
1733,Breast,1.0
187,Breast,0.0
619,Breast,1.0
151,Breast,0.0
158,Breast,0.0
2912,Breast,1.0
272,Breast,1.0
614,Breast,1.0
489,Breast,1.0
2963,Breast,1.0
5557,Breast,1.0
5756,Breast,1.0
371,Breast,1.0
222,Breast,0.0
593,Breast,1.0
476,Breast,1.0
2807,Breast,0.0
5214,Breast,0.0
5648,Breast,1.0
2668,Breast,1.0
687,Breast,1.0
3271,Breast,1.0
136,Breast,0.0
518,Breast,1.0
628,Breast,1.0
334,Breast,1.0
1702,Breast,1.0
3118,Breast,1.0
4210,Breast,1.0
5674,Breast,1.0
2873,Breast,0.0
5786,Breast,1.0
4198,Breast,0.0
710,Breast,1.0
15,Breast,1.0
5226,Breast,1.0
287,Breast,1.0
5575,Breast,0.0
5667,Breast,1.0
5464,Breast,1.0
5765,Breast,1.0
3050,Breast,1.0
570,Breast,0.0
654,Breast,1.0
2885,Breast,0.0
3138,Breast,1.0
465,Breast,0.0
5258,Breast,0.0
199,Breast,1.0
3146,Breast,1.0
6825,Breast,0.0
5224,Breast,1.0
5268,Breast,1.0
5482,Breast,1.0
5722,Breast,1.0
3039,Breast,0.0
5479,Breast,0.0
5357,Breast,0.0
5600,Breast,1.0
591,Breast,1.0
3161,Breast,1.0
5489,Breast,0.0
2933,Breast,0.0
5513,Breast,1.0
2945,Breast,0.0
5396,Breast,0.0
2942,Breast,0.0
2847,Breast,0.0
5503,Breast,1.0
1737,Breast,1.0
3022,Breast,1.0
43,Breast,1.0
3233,Breast,1.0
274,Breast,1.0
6833,Breast,1.0
2694,Breast,0.0
101,Breast,1.0
3114,Breast,1.0
2994,Breast,1.0
3171,Breast,1.0
107,Breast,0.0
3212,Breast,1.0
497,Breast,1.0
6831,Breast,1.0
1723,Breast,0.0
5335,Breast,0.0
3018,Breast,1.0
3309,Breast,1.0
5820,Breast,1.0
3023,Breast,1.0
5806,Breast,1.0
5348,Breast,0.0
5762,Breast,0.0
5697,Breast,1.0
3136,Breast,1.0
712,Breast,1.0
72,Breast,0.0
500,Breast,1.0
5523,Breast,1.0
4211,Breast,1.0
5865,Breast,1.0
481,Breast,1.0
3276,Breast,0.0
5532,Breast,1.0
5380,Breast,0.0
3151,Breast,1.0
405,Breast,1.0
931,Breast,1.0
3019,Breast,1.0
3277,Breast,0.0
5687,Breast,1.0
4181,Breast,0.0
902,Breast,0.0
1727,Breast,1.0
5775,Breast,0.0
5262,Breast,1.0
3080,Breast,0.0
148,Breast,0.0
2904,Breast,1.0
5372,Breast,0.0
692,Breast,1.0
1739,Breast,1.0
5314,Breast,0.0
5811,Breast,1.0
3323,Breast,1.0
701,Breast,1.0
5685,Breast,1.0
2750,Breast,1.0
2734,Breast,0.0
5417,Breast,1.0
6841,Breast,1.0
4204,Breast,1.0
3055,Breast,1.0
167,Breast,0.0
730,Breast,1.0
3203,Breast,1.0
26,Breast,1.0
3002,Breast,1.0
5751,Breast,1.0
2826,Breast,0.0
2869,Breast,0.0
3239,Breast,1.0
4212,Breast,1.0
5254,Breast,0.0
41,Breast,0.0
3000,Breast,1.0
5855,Breast,1.0
3029,Breast,1.0
3306,Breast,1.0
609,Breast,1.0
5537,Breast,1.0
5524,Breast,1.0
3010,Breast,1.0
3204,Breast,0.0
493,Breast,1.0
236,Breast,0.0
551,Breast,1.0
520,Breast,1.0
5438,Breast,0.0
720,Breast,1.0
5273,Breast,0.0
5682,Breast,1.0
58,Breast,0.0
631,Breast,1.0
3258,Breast,0.0
592,Breast,1.0
6817,Breast,1.0
2768,Breast,1.0
5628,Breast,1.0
2733,Breast,0.0
5309,Breast,1.0
5860,Breast,1.0
3230,Breast,0.0
3070,Breast,1.0
5277,Breast,0.0
706,Breast,1.0
2851,Breast,0.0
904,Breast,1.0
5202,Breast,1.0
3074,Breast,0.0
513,Breast,1.0
81,Breast,1.0
5689,Breast,0.0
2743,Breast,1.0
5768,Breast,1.0
5197,Breast,1.0
150,Breast,0.0
1695,Breast,1.0
329,Breast,1.0
6,Breast,1.0
2772,Breast,0.0
5410,Breast,0.0
5415,Breast,0.0
2738,Breast,0.0
468,Breast,0.0
181,Breast,1.0
164,Breast,0.0
451,Breast,1.0
490,Breast,1.0
5471,Breast,1.0
6798,Breast,1.0
2940,Breast,1.0
5447,Breast,1.0
3256,Breast,1.0
3322,Breast,0.0
3119,Breast,1.0
3441,Breast,1.0
4203,Breast,1.0
327,Breast,1.0
442,Breast,1.0
5861,Breast,1.0
3440,Breast,1.0
2661,Breast,1.0
5265,Breast,1.0
3446,Breast,1.0
86,Breast,0.0
6036,Breast,1.0
1698,Breast,1.0
3231,Breast,1.0
54,Breast,1.0
5244,Breast,1.0
3296,Breast,0.0
3199,Breast,1.0
113,Breast,1.0
5805,Breast,1.0
2816,Breast,0.0
5494,Breast,1.0
3197,Breast,1.0
2838,Breast,0.0
589,Breast,1.0
5721,Breast,1.0
17,Breast,1.0
5425,Breast,0.0
285,Breast,1.0
428,Breast,1.0
3014,Breast,1.0
669,Breast,1.0
31,Breast,0.0
722,Breast,1.0
2780,Breast,1.0
4177,Breast,0.0
214,Breast,0.0
4200,Breast,0.0
2993,Breast,1.0
326,Breast,1.0
560,Breast,1.0
2915,Breast,1.0
5497,Breast,1.0
341,Breast,1.0
147,Breast,1.0
5212,Breast,1.0
2936,Breast,1.0
5481,Breast,1.0
2795,Breast,0.0
2901,Breast,0.0
155,Breast,1.0
3275,Breast,0.0
3437,Breast,0.0
5633,Breast,0.0
5216,Breast,0.0
5491,Breast,0.0
5219,Breast,0.0
5683,Breast,1.0
5816,Breast,1.0
3248,Breast,1.0
5809,Breast,1.0
4199,Breast,0.0
5341,Breast,0.0
5714,Breast,0.0
2767,Breast,1.0
5716,Breast,0.0
346,Breast,1.0
5474,Breast,0.0
6819,Breast,0.0
385,Breast,1.0
3205,Breast,1.0
3251,Breast,0.0
243,Breast,0.0
3131,Breast,1.0
2765,Breast,0.0
5594,Breast,1.0
312,Breast,0.0
6035,Breast,1.0
5326,Breast,0.0
2797,Breast,1.0
660,Breast,0.0
5613,Breast,0.0
370,Breast,1.0
566,Breast,0.0
5320,Breast,1.0
1745,Breast,1.0
2811,Breast,0.0
5340,Breast,1.0
5369,Breast,0.0
1734,Breast,1.0
1699,Breast,1.0
2881,Breast,1.0
5187,Breast,1.0
2842,Breast,0.0
3319,Breast,1.0
5448,Breast,1.0
6810,Breast,1.0
126,Breast,0.0
2716,Breast,1.0
5386,Breast,0.0
2836,Breast,0.0
355,Breast,1.0
5626,Breast,1.0
682,Breast,1.0
2656,Breast,1.0
5676,Breast,1.0
2813,Breast,1.0
3062,Breast,1.0
5550,Breast,1.0
140,Breast,0.0
5545,Breast,1.0
5761,Breast,0.0
3266,Breast,1.0
5692,Breast,0.0
5194,Breast,1.0
6811,Breast,1.0
5535,Breast,1.0
711,Breast,0.0
2986,Breast,1.0
3291,Breast,0.0
2700,Breast,0.0
10,Breast,1.0
3449,Breast,1.0
3305,Breast,1.0
928,Breast,1.0
626,Breast,0.0
3438,Breast,1.0
129,Breast,0.0
2672,Breast,1.0
323,Breast,1.0
5333,Breast,1.0
5423,Breast,0.0
5881,Breast,1.0
14,Breast,1.0
5403,Breast,0.0
215,Breast,0.0
3241,Breast,1.0
5506,Breast,1.0
3011,Breast,1.0
3264,Breast,1.0
3190,Breast,1.0
2693,Breast,0.0
516,Breast,1.0
597,Breast,1.0
195,Breast,1.0
288,Breast,0.0
2779,Breast,0.0
5627,Breast,0.0
5460,Breast,1.0
2949,Breast,0.0
549,Breast,1.0
156,Breast,1.0
419,Breast,1.0
2751,Breast,1.0
5401,Breast,0.0
477,Breast,1.0
3262,Breast,1.0
553,Breast,1.0
3031,Breast,1.0
390,Breast,1.0
578,Breast,1.0
5779,Breast,1.0
3315,Breast,0.0
5737,Breast,1.0
1741,Breast,1.0
5853,Breast,1.0
2835,Breast,0.0
3077,Breast,1.0
3250,Breast,1.0
664,Breast,1.0
5876,Breast,1.0
142,Breast,1.0
5646,Breast,1.0
5199,Breast,1.0
421,Breast,1.0
1720,Breast,0.0
615,Breast,1.0
295,Breast,0.0
401,Breast,1.0
88,Breast,0.0
5392,Breast,0.0
6805,Breast,1.0
131,Breast,0.0
5597,Breast,1.0
5501,Breast,1.0
5412,Breast,0.0
5624,Breast,1.0
5359,Breast,0.0
724,Breast,1.0
3143,Breast,1.0
5694,Breast,1.0
269,Breast,1.0
5787,Breast,0.0
5434,Breast,0.0
2746,Breast,1.0
3148,Breast,1.0
5828,Breast,0.0
5379,Breast,0.0
3218,Breast,0.0
375,Breast,1.0
333,Breast,1.0
4202,Breast,0.0
5812,Breast,1.0
2947,Breast,0.0
2739,Breast,0.0
1697,Breast,1.0
5355,Breast,0.0
328,Breast,1.0
320,Breast,0.0
5368,Breast,1.0
12,Breast,1.0
2726,Breast,1.0
171,Breast,0.0
260,Breast,0.0
5488,Breast,0.0
5507,Breast,1.0
2730,Breast,0.0
258,Breast,0.0
2673,Breast,1.0
138,Breast,0.0
319,Breast,0.0
653,Breast,1.0
5261,Breast,0.0
6793,Breast,0.0
558,Breast,1.0
139,Breast,0.0
112,Breast,1.0
531,Breast,1.0
224,Breast,0.0
723,Breast,1.0
5866,Breast,1.0
5579,Breast,1.0
325,Breast,1.0
3152,Breast,1.0
5302,Breast,0.0
5612,Breast,1.0
714,Breast,1.0
2675,Breast,1.0
193,Breast,0.0
573,Breast,0.0
2775,Breast,0.0
503,Breast,0.0
5305,Breast,0.0
4207,Breast,1.0
645,Breast,1.0
3,Breast,1.0
4189,Breast,0.0
467,Breast,1.0
3174,Breast,1.0
5,Breast,1.0
5770,Breast,1.0
5455,Breast,1.0
547,Breast,1.0
228,Breast,0.0
2892,Breast,0.0
542,Breast,1.0
242,Breast,0.0
2727,Breast,1.0
5411,Breast,0.0
2989,Breast,1.0
5205,Breast,0.0
5242,Breast,0.0
2671,Breast,1.0
5617,Breast,1.0
5519,Breast,0.0
4197,Breast,0.0
276,Breast,1.0
661,Breast,1.0
5539,Breast,1.0
5476,Breast,1.0
314,Breast,0.0
3172,Breast,0.0
5217,Breast,0.0
691,Breast,1.0
5631,Breast,1.0
424,Breast,1.0
594,Breast,1.0
6820,Breast,0.0
5313,Breast,0.0
622,Breast,0.0
5180,Breast,1.0
3242,Breast,1.0
227,Breast,0.0
3442,Breast,1.0
2998,Breast,1.0
5394,Breast,0.0
3312,Breast,1.0
66,Breast,0.0
5457,Breast,1.0
24,Breast,1.0
3064,Breast,1.0
144,Breast,1.0
536,Breast,1.0
1732,Breast,1.0
3444,Breast,1.0
85,Breast,0.0
3083,Breast,1.0
5432,Breast,0.0
5395,Breast,0.0
5195,Breast,1.0
3280,Breast,0.0
484,Breast,1.0
5698,Breast,1.0
5848,Breast,1.0
5453,Breast,0.0
4183,Breast,1.0
6806,Breast,1.0
362,Breast,1.0
908,Breast,1.0
4194,Breast,0.0
2855,Breast,0.0
2859,Breast,0.0
5758,Breast,1.0
3164,Breast,1.0
5752,Breast,1.0
3282,Breast,1.0
665,Breast,1.0
364,Breast,1.0
5672,Breast,1.0
3068,Breast,1.0
77,Breast,0.0
27,Breast,1.0
5544,Breast,1.0
525,Breast,1.0
725,Breast,1.0
55,Breast,1.0
638,Breast,1.0
302,Breast,1.0
718,Breast,1.0
5240,Breast,0.0
624,Breast,0.0
7,Breast,1.0
3109,Breast,1.0
1724,Breast,0.0
2878,Breast,0.0
336,Breast,1.0
47,Breast,0.0
5602,Breast,0.0
106,Breast,0.0
349,Breast,1.0
2908,Breast,1.0
238,Breast,1.0
213,Breast,0.0
2973,Breast,1.0
6830,Breast,1.0
5764,Breast,1.0
1714,Breast,1.0
2925,Breast,1.0
5808,Breast,1.0
5467,Breast,0.0
5695,Breast,1.0
345,Breast,0.0
523,Breast,1.0
232,Breast,0.0
644,Breast,0.0
5636,Breast,1.0
3257,Breast,1.0
533,Breast,1.0
5637,Breast,1.0
603,Breast,1.0
3318,Breast,1.0
5598,Breast,1.0
3255,Breast,1.0
2903,Breast,1.0
5363,Breast,0.0
60,Breast,0.0
5303,Breast,0.0
92,Breast,0.0
666,Breast,1.0
5669,Breast,1.0
5718,Breast,0.0
280,Breast,0.0
5769,Breast,1.0
359,Breast,1.0
5469,Breast,1.0
3226,Breast,0.0
4213,Breast,1.0
2676,Breast,1.0
3035,Breast,1.0
5459,Breast,0.0
110,Breast,0.0
42,Breast,1.0
125,Breast,0.0
204,Breast,0.0
3302,Breast,1.0
52,Breast,1.0
545,Breast,1.0
68,Breast,0.0
4171,Breast,1.0
6808,Breast,1.0
5356,Breast,0.0
3253,Breast,0.0
183,Breast,0.0
137,Breast,0.0
2728,Breast,1.0
1717,Breast,1.0
132,Breast,0.0
80,Breast,0.0
5607,Breast,1.0
1679,Breast,0.0
541,Breast,0.0
2848,Breast,0.0
4179,Breast,0.0
2812,Breast,1.0
5703,Breast,1.0
165,Breast,0.0
248,Breast,0.0
3160,Breast,1.0
446,Breast,1.0
4188,Breast,0.0
2687,Breast,0.0
3187,Breast,0.0
5231,Breast,0.0
97,Breast,1.0
4205,Breast,1.0
1726,Breast,1.0
737,Breast,1.0
5295,Breast,0.0
5358,Breast,0.0
102,Breast,1.0
434,Breast,1.0
74,Breast,1.0
577,Breast,1.0
5218,Breast,0.0
5294,Breast,0.0
3059,Breast,1.0
2747,Breast,1.0
3155,Breast,0.0
5781,Breast,1.0
5755,Breast,1.0
5717,Breast,0.0
1683,Breast,0.0
2818,Breast,0.0
388,Breast,1.0
235,Breast,1.0
5634,Breast,1.0
267,Breast,1.0
3158,Breast,1.0
5201,Breast,1.0
117,Breast,0.0
437,Breast,1.0
673,Breast,1.0
249,Breast,0.0
5563,Breast,1.0
6839,Breast,1.0
94,Breast,1.0
5263,Breast,1.0
33,Breast,1.0
5576,Breast,1.0
5753,Breast,1.0
448,Breast,1.0
3298,Breast,1.0
716,Breast,1.0
5304,Breast,0.0
5649,Breast,1.0
0,Breast,1.0
5593,Breast,1.0
2930,Breast,1.0
2937,Breast,0.0
5250,Breast,1.0
82,Breast,1.0
3310,Breast,1.0
5767,Breast,1.0
676,Breast,0.0
5868,Breast,1.0
5560,Breast,1.0
2875,Breast,0.0
3289,Breast,1.0
1691,Breast,1.0
5235,Breast,0.0
5835,Breast,1.0
517,Breast,1.0
5614,Breast,0.0
404,Breast,1.0
384,Breast,1.0
5350,Breast,0.0
5441,Breast,1.0
104,Breast,0.0
5846,Breast,1.0
688,Breast,1.0
5364,Breast,1.0
1747,Breast,1.0
3069,Breast,1.0
62,Breast,0.0
3134,Breast,1.0
2681,Breast,1.0
5433,Breast,0.0
3091,Breast,0.0
223,Breast,0.0
145,Breast,1.0
2917,Breast,1.0
373,Breast,1.0
5521,Breast,0.0
2971,Breast,1.0
5854,Breast,1.0
5620,Breast,1.0
3103,Breast,1.0
3094,Breast,1.0
5705,Breast,1.0
5311,Breast,0.0
9,Breast,1.0
449,Breast,1.0
708,Breast,1.0
255,Breast,0.0
2711,Breast,0.0
5220,Breast,0.0
389,Breast,1.0
5373,Breast,0.0
5857,Breast,1.0
5184,Breast,1.0
2737,Breast,0.0
2753,Breast,1.0
925,Breast,1.0
5256,Breast,0.0
460,Breast,1.0
5789,Breast,0.0
1751,Cervix,0.0
6847,Cervix,0.0
1334,Cervix,1.0
3836,Cervix,1.0
1810,Cervix,1.0
1792,Cervix,1.0
6267,Cervix,0.0
1785,Cervix,0.0
1150,Cervix,0.0
1757,Cervix,0.0
1814,Cervix,1.0
6862,Cervix,1.0
1322,Cervix,1.0
6868,Cervix,1.0
6261,Cervix,0.0
1366,Cervix,0.0
1335,Cervix,1.0
1096,Cervix,0.0
6271,Cervix,0.0
6415,Cervix,1.0
1791,Cervix,1.0
6409,Cervix,1.0
6866,Cervix,1.0
1768,Cervix,1.0
1364,Cervix,0.0
6858,Cervix,0.0
6861,Cervix,1.0
1776,Cervix,0.0
1349,Cervix,1.0
4226,Cervix,0.0
1331,Cervix,1.0
1345,Cervix,1.0
6872,Cervix,0.0
1784,Cervix,0.0
1348,Cervix,1.0
3685,Cervix,0.0
6869,Cervix,1.0
1780,Cervix,0.0
3679,Cervix,0.0
1352,Cervix,1.0
1813,Cervix,1.0
1355,Cervix,0.0
6856,Cervix,1.0
3627,Cervix,0.0
3841,Cervix,1.0
1319,Cervix,1.0
1163,Cervix,0.0
1165,Cervix,0.0
6864,Cervix,1.0
1786,Cervix,0.0
6417,Cervix,1.0
1368,Cervix,0.0
1158,Cervix,0.0
3832,Cervix,1.0
6207,Cervix,0.0
3837,Cervix,1.0
3843,Cervix,1.0
3828,Cervix,1.0
1147,Cervix,0.0
6204,Cervix,0.0
6269,Cervix,0.0
6266,Cervix,0.0
1362,Cervix,0.0
1166,Cervix,0.0
1779,Cervix,0.0
1815,Cervix,1.0
1361,Cervix,0.0
1160,Cervix,0.0
1781,Cervix,0.0
1760,Cervix,1.0
1156,Cervix,0.0
1151,Cervix,0.0
1749,Cervix,0.0
1357,Cervix,0.0
6203,Cervix,0.0
1326,Cervix,1.0
1157,Cervix,0.0
6877,Cervix,1.0
1807,Cervix,0.0
6851,Cervix,1.0
1356,Cervix,0.0
6255,Cervix,0.0
1793,Cervix,1.0
1804,Cervix,0.0
1778,Cervix,0.0
6202,Cervix,0.0
1819,Cervix,1.0
1159,Cervix,0.0
6846,Cervix,0.0
1753,Cervix,0.0
6270,Cervix,0.0
1759,Cervix,1.0
1764,Cervix,1.0
1775,Cervix,0.0
6268,Cervix,0.0
1344,Cervix,1.0
3845,Cervix,1.0
6859,Cervix,0.0
1327,Cervix,1.0
3839,Cervix,1.0
3830,Cervix,1.0
1346,Cervix,0.0
1783,Cervix,0.0
1821,Cervix,1.0
3626,Cervix,0.0
4219,Cervix,1.0
4230,Cervix,1.0
1320,Cervix,1.0
6878,Cervix,1.0
1367,Cervix,0.0
6205,Cervix,0.0
3838,Cervix,1.0
6403,Cervix,1.0
6852,Cervix,1.0
1763,Cervix,1.0
3833,Cervix,1.0
1799,Cervix,1.0
4220,Cervix,0.0
3827,Cervix,1.0
3840,Cervix,1.0
1358,Cervix,0.0
6410,Cervix,1.0
1093,Cervix,0.0
1771,Cervix,1.0
1365,Cervix,0.0
1782,Cervix,0.0
6422,Cervix,1.0
3684,Cervix,0.0
6256,Cervix,0.0
1787,Cervix,1.0
4218,Cervix,1.0
6426,Cervix,1.0
1794,Cervix,1.0
1363,Cervix,0.0
1170,Cervix,0.0
6421,Cervix,1.0
6265,Cervix,0.0
1774,Cervix,1.0
1806,Cervix,1.0
1811,Cervix,1.0
6405,Cervix,1.0
6850,Cervix,1.0
4224,Cervix,1.0
1354,Cervix,0.0
3842,Cervix,1.0
1752,Cervix,0.0
4221,Cervix,0.0
1153,Cervix,0.0
1324,Cervix,1.0
1169,Cervix,0.0
1809,Cervix,1.0
3835,Cervix,1.0
6407,Cervix,1.0
3624,Cervix,0.0
1340,Cervix,1.0
1762,Cervix,1.0
4216,Cervix,0.0
4228,Cervix,1.0
1330,Cervix,1.0
6424,Cervix,0.0
6263,Cervix,0.0
1803,Cervix,1.0
1167,Cervix,0.0
6873,Cervix,0.0
1808,Cervix,0.0
3844,Cervix,1.0
1091,Cervix,0.0
6849,Cervix,0.0
1767,Cervix,0.0
6413,Cervix,1.0
6408,Cervix,1.0
6416,Cervix,1.0
1765,Cervix,0.0
1325,Cervix,1.0
1350,Cervix,0.0
1817,Cervix,1.0
6259,Cervix,0.0
3846,Cervix,0.0
6264,Cervix,0.0
1152,Cervix,0.0
6876,Cervix,1.0
6848,Cervix,0.0
1168,Cervix,0.0
4227,Cervix,1.0
1095,Cervix,0.0
1789,Cervix,1.0
1321,Cervix,1.0
6875,Cervix,1.0
3682,Cervix,0.0
4217,Cervix,1.0
6411,Cervix,1.0
1805,Cervix,0.0
1351,Cervix,1.0
1802,Cervix,1.0
1795,Cervix,1.0
6870,Cervix,1.0
6425,Cervix,1.0
1359,Cervix,1.0
6845,Cervix,0.0
1353,Cervix,0.0
1333,Cervix,1.0
6258,Cervix,0.0
3625,Cervix,0.0
1329,Cervix,1.0
1790,Cervix,1.0
6418,Cervix,0.0
1512,Colon,0.0
3974,Colon,1.0
3403,Colon,0.0
803,Colon,0.0
4240,Colon,0.0
5903,Colon,0.0
7851,Colon,0.0
7883,Colon,0.0
6973,Colon,0.0
1890,Colon,0.0
3958,Colon,0.0
853,Colon,1.0
6997,Colon,0.0
5173,Colon,1.0
1485,Colon,0.0
7079,Colon,0.0
4307,Colon,0.0
4368,Colon,0.0
1952,Colon,0.0
1996,Colon,0.0
6966,Colon,0.0
5962,Colon,0.0
6914,Colon,0.0
4232,Colon,0.0
4431,Colon,0.0
4358,Colon,0.0
4266,Colon,0.0
2593,Colon,0.0
789,Colon,1.0
1916,Colon,0.0
5127,Colon,0.0
6887,Colon,0.0
5918,Colon,1.0
4248,Colon,0.0
3390,Colon,1.0
4459,Colon,0.0
787,Colon,1.0
1920,Colon,0.0
6933,Colon,0.0
767,Colon,1.0
1956,Colon,0.0
6551,Colon,0.0
2608,Colon,1.0
1921,Colon,0.0
4384,Colon,0.0
7103,Colon,0.0
805,Colon,0.0
1886,Colon,0.0
7877,Colon,1.0
1970,Colon,0.0
6576,Colon,0.0
3966,Colon,0.0
7837,Colon,1.0
6947,Colon,0.0
4272,Colon,0.0
5142,Colon,0.0
2606,Colon,0.0
6546,Colon,1.0
5913,Colon,0.0
861,Colon,1.0
3389,Colon,0.0
7880,Colon,1.0
7840,Colon,1.0
1883,Colon,0.0
7882,Colon,0.0
1844,Colon,0.0
7044,Colon,0.0
782,Colon,1.0
5885,Colon,1.0
6573,Colon,0.0
4405,Colon,0.0
1999,Colon,0.0
4399,Colon,0.0
814,Colon,0.0
1943,Colon,0.0
2016,Colon,0.0
7006,Colon,0.0
3333,Colon,1.0
4234,Colon,0.0
3954,Colon,1.0
2020,Colon,0.0
816,Colon,0.0
3965,Colon,0.0
6556,Colon,1.0
7047,Colon,0.0
7009,Colon,0.0
1866,Colon,0.0
808,Colon,0.0
753,Colon,0.0
2603,Colon,1.0
1949,Colon,0.0
5963,Colon,0.0
5987,Colon,0.0
3426,Colon,1.0
2601,Colon,1.0
2057,Colon,1.0
2059,Colon,1.0
6991,Colon,0.0
5971,Colon,0.0
1519,Colon,0.0
4318,Colon,0.0
6894,Colon,0.0
4367,Colon,0.0
1923,Colon,0.0
5094,Colon,0.0
3968,Colon,1.0
7856,Colon,1.0
2649,Colon,1.0
7823,Colon,0.0
4332,Colon,0.0
2004,Colon,0.0
4424,Colon,0.0
2655,Colon,0.0
2013,Colon,0.0
5887,Colon,0.0
4422,Colon,0.0
6895,Colon,0.0
4263,Colon,0.0
5118,Colon,1.0
5938,Colon,0.0
1877,Colon,0.0
1955,Colon,0.0
4450,Colon,0.0
781,Colon,1.0
5924,Colon,0.0
3369,Colon,0.0
6971,Colon,0.0
3349,Colon,1.0
839,Colon,0.0
4313,Colon,0.0
5090,Colon,0.0
5917,Colon,1.0
4233,Colon,0.0
4369,Colon,0.0
1838,Colon,0.0
3361,Colon,1.0
7847,Colon,0.0
1893,Colon,0.0
7891,Colon,0.0
7888,Colon,0.0
4243,Colon,0.0
4303,Colon,0.0
4291,Colon,0.0
1905,Colon,0.0
770,Colon,1.0
3983,Colon,1.0
2040,Colon,0.0
4336,Colon,0.0
5131,Colon,0.0
5175,Colon,1.0
1507,Colon,0.0
5158,Colon,0.0
6925,Colon,1.0
4250,Colon,0.0
4411,Colon,0.0
3336,Colon,0.0
5171,Colon,0.0
1907,Colon,0.0
3393,Colon,1.0
1864,Colon,0.0
5921,Colon,0.0
1917,Colon,0.0
4305,Colon,0.0
3416,Colon,0.0
5973,Colon,0.0
801,Colon,0.0
4246,Colon,1.0
1830,Colon,0.0
1849,Colon,0.0
4328,Colon,0.0
4281,Colon,0.0
5115,Colon,0.0
5994,Colon,1.0
4441,Colon,0.0
5114,Colon,1.0
7852,Colon,0.0
768,Colon,1.0
794,Colon,1.0
7113,Colon,0.0
4418,Colon,0.0
5150,Colon,0.0
1988,Colon,0.0
5145,Colon,1.0
3415,Colon,0.0
4392,Colon,0.0
4333,Colon,0.0
6544,Colon,0.0
1978,Colon,0.0
3451,Colon,1.0
6880,Colon,0.0
4382,Colon,0.0
837,Colon,0.0
3421,Colon,0.0
5966,Colon,1.0
2026,Colon,0.0
3507,Colon,1.0
7029,Colon,0.0
7088,Colon,0.0
7078,Colon,0.0
7043,Colon,0.0
3952,Colon,0.0
6571,Colon,0.0
5132,Colon,0.0
7059,Colon,0.0
6985,Colon,0.0
7874,Colon,0.0
4377,Colon,0.0
7863,Colon,0.0
5092,Colon,0.0
4390,Colon,0.0
3407,Colon,0.0
5119,Colon,0.0
7893,Colon,1.0
7884,Colon,0.0
5961,Colon,0.0
2044,Colon,0.0
1854,Colon,0.0
6948,Colon,0.0
1885,Colon,0.0
796,Colon,1.0
5159,Colon,0.0
5125,Colon,1.0
1990,Colon,0.0
4428,Colon,0.0
761,Colon,0.0
845,Colon,0.0
2605,Colon,0.0
5155,Colon,0.0
7117,Colon,0.0
6977,Colon,0.0
6935,Colon,0.0
2000,Colon,0.0
5979,Colon,0.0
1935,Colon,0.0
5892,Colon,1.0
3425,Colon,1.0
7062,Colon,0.0
3384,Colon,0.0
7069,Colon,0.0
4334,Colon,0.0
4261,Colon,0.0
4339,Colon,0.0
1879,Colon,0.0
6552,Colon,0.0
6567,Colon,0.0
1842,Colon,0.0
7096,Colon,0.0
866,Colon,1.0
6983,Colon,0.0
819,Colon,0.0
7124,Colon,1.0
2027,Colon,0.0
6885,Colon,0.0
3345,Colon,0.0
7005,Colon,0.0
849,Colon,0.0
7000,Colon,0.0
4330,Colon,0.0
5139,Colon,0.0
2017,Colon,0.0
5927,Colon,0.0
3404,Colon,0.0
6918,Colon,0.0
5141,Colon,0.0
7007,Colon,0.0
2007,Colon,0.0
7890,Colon,0.0
5897,Colon,0.0
7089,Colon,0.0
2011,Colon,0.0
2610,Colon,0.0
2009,Colon,0.0
5925,Colon,0.0
6912,Colon,0.0
4238,Colon,0.0
4242,Colon,0.0
5928,Colon,0.0
1900,Colon,1.0
5992,Colon,1.0
3986,Colon,0.0
7869,Colon,0.0
4408,Colon,0.0
824,Colon,1.0
7828,Colon,1.0
1911,Colon,0.0
7886,Colon,0.0
3348,Colon,1.0
7114,Colon,0.0
6922,Colon,0.0
4289,Colon,0.0
1867,Colon,0.0
851,Colon,1.0
4457,Colon,0.0
7067,Colon,0.0
1518,Colon,0.0
3334,Colon,0.0
1992,Colon,0.0
7897,Colon,1.0
5167,Colon,0.0
5138,Colon,0.0
3341,Colon,0.0
7121,Colon,1.0
6923,Colon,1.0
769,Colon,1.0
1856,Colon,0.0
5126,Colon,1.0
7885,Colon,0.0
4356,Colon,0.0
4397,Colon,0.0
1962,Colon,0.0
1834,Colon,0.0
7896,Colon,1.0
2598,Colon,0.0
3951,Colon,0.0
1968,Colon,0.0
821,Colon,0.0
786,Colon,1.0
1499,Colon,0.0
7008,Colon,0.0
6568,Colon,0.0
1985,Colon,0.0
6561,Colon,1.0
7076,Colon,0.0
7120,Colon,1.0
2625,Colon,1.0
1825,Colon,0.0
6978,Colon,0.0
6970,Colon,0.0
2640,Colon,0.0
6881,Colon,0.0
5121,Colon,1.0
6905,Colon,0.0
6924,Colon,1.0
2023,Colon,0.0
2613,Colon,1.0
7889,Colon,0.0
3382,Colon,0.0
3953,Colon,1.0
1889,Colon,0.0
6999,Colon,0.0
3340,Colon,1.0
4316,Colon,0.0
6956,Colon,0.0
1997,Colon,0.0
7827,Colon,1.0
4438,Colon,0.0
2631,Colon,0.0
4425,Colon,0.0
792,Colon,1.0
5178,Colon,0.0
5095,Colon,0.0
1958,Colon,0.0
4461,Colon,0.0
847,Colon,0.0
5926,Colon,0.0
838,Colon,0.0
2028,Colon,0.0
3987,Colon,0.0
5148,Colon,0.0
6967,Colon,0.0
1942,Colon,0.0
6536,Colon,1.0
6993,Colon,0.0
7057,Colon,0.0
1932,Colon,0.0
7842,Colon,0.0
7831,Colon,0.0
864,Colon,0.0
6569,Colon,0.0
1938,Colon,0.0
4282,Colon,0.0
5965,Colon,0.0
2001,Colon,0.0
1514,Colon,1.0
4322,Colon,0.0
4376,Colon,0.0
5957,Colon,0.0
1855,Colon,0.0
2629,Colon,0.0
1484,Colon,0.0
5982,Colon,0.0
3971,Colon,1.0
5937,Colon,0.0
7098,Colon,0.0
5946,Colon,1.0
4349,Colon,0.0
1845,Colon,0.0
4292,Colon,0.0
6962,Colon,0.0
7855,Colon,1.0
2600,Colon,0.0
2607,Colon,0.0
748,Colon,0.0
1491,Colon,1.0
4276,Colon,0.0
1928,Colon,0.0
1944,Colon,0.0
5137,Colon,0.0
1937,Colon,0.0
3409,Colon,0.0
5922,Colon,0.0
3368,Colon,0.0
909,Colon,1.0
3957,Colon,0.0
1977,Colon,0.0
1969,Colon,0.0
4241,Colon,0.0
5980,Colon,1.0
5975,Colon,0.0
1479,Colon,0.0
4323,Colon,0.0
5972,Colon,0.0
4280,Colon,0.0
4348,Colon,0.0
3976,Colon,0.0
5988,Colon,0.0
3984,Colon,1.0
1502,Colon,1.0
5169,Colon,0.0
7016,Colon,0.0
3387,Colon,0.0
2639,Colon,0.0
4278,Colon,1.0
7019,Colon,0.0
4379,Colon,0.0
3377,Colon,0.0
4317,Colon,0.0
3960,Colon,0.0
6907,Colon,0.0
6964,Colon,0.0
2616,Colon,0.0
4284,Colon,0.0
834,Colon,1.0
6940,Colon,0.0
2617,Colon,1.0
7821,Colon,0.0
2056,Colon,0.0
7112,Colon,0.0
6890,Colon,0.0
1500,Colon,1.0
3453,Colon,1.0
3967,Colon,0.0
3959,Colon,0.0
2642,Colon,0.0
2036,Colon,0.0
3510,Colon,1.0
4432,Colon,0.0
7013,Colon,0.0
5143,Colon,0.0
3963,Colon,1.0
6891,Colon,0.0
6942,Colon,0.0
4371,Colon,0.0
1954,Colon,0.0
4273,Colon,0.0
7095,Colon,0.0
5120,Colon,1.0
6960,Colon,0.0
5177,Colon,0.0
6538,Colon,0.0
7092,Colon,0.0
1998,Colon,0.0
6901,Colon,0.0
862,Colon,1.0
1824,Colon,0.0
1933,Colon,0.0
7849,Colon,0.0
6965,Colon,0.0
1940,Colon,0.0
5915,Colon,1.0
7826,Colon,1.0
4414,Colon,0.0
7024,Colon,0.0
5133,Colon,0.0
1882,Colon,0.0
826,Colon,0.0
7871,Colon,0.0
5174,Colon,1.0
6992,Colon,0.0
3979,Colon,0.0
7108,Colon,0.0
5905,Colon,0.0
4255,Colon,0.0
7083,Colon,0.0
4423,Colon,0.0
1936,Colon,0.0
1931,Colon,0.0
4386,Colon,0.0
7825,Colon,1.0
3406,Colon,0.0
7859,Colon,0.0
1912,Colon,0.0
1973,Colon,0.0
1994,Colon,0.0
3352,Colon,1.0
797,Colon,0.0
2051,Colon,0.0
3381,Colon,0.0
7819,Colon,0.0
3383,Colon,0.0
5932,Colon,0.0
3337,Colon,0.0
6906,Colon,0.0
5923,Colon,0.0
4430,Colon,0.0
2636,Colon,0.0
5912,Colon,0.0
4394,Colon,0.0
1979,Colon,0.0
2611,Colon,0.0
5989,Colon,1.0
6560,Colon,1.0
7046,Colon,0.0
5968,Colon,1.0
7110,Colon,0.0
1974,Colon,0.0
1964,Colon,0.0
6882,Colon,0.0
6950,Colon,0.0
750,Colon,0.0
1515,Colon,1.0
1906,Colon,0.0
4364,Colon,0.0
4404,Colon,0.0
4345,Colon,0.0
1482,Colon,1.0
3422,Colon,0.0
4389,Colon,0.0
4327,Colon,0.0
1483,Colon,0.0
7033,Colon,0.0
1870,Colon,0.0
3398,Colon,1.0
2055,Colon,0.0
1971,Colon,0.0
1945,Colon,0.0
6972,Colon,0.0
6564,Colon,0.0
4231,Colon,0.0
7875,Colon,0.0
5106,Colon,0.0
5088,Colon,0.0
3358,Colon,0.0
4312,Colon,0.0
741,Colon,1.0
5901,Colon,0.0
2645,Colon,1.0
1967,Colon,0.0
743,Colon,1.0
5936,Colon,0.0
6931,Colon,0.0
5952,Colon,1.0
777,Colon,0.0
3397,Colon,1.0
1888,Colon,0.0
1480,Colon,0.0
3413,Colon,0.0
4324,Colon,0.0
4236,Colon,0.0
5969,Colon,0.0
7086,Colon,0.0
5909,Colon,1.0
6558,Colon,1.0
7109,Colon,0.0
2022,Colon,0.0
1960,Colon,0.0
2620,Colon,0.0
1965,Colon,0.0
4353,Colon,0.0
4342,Colon,0.0
2602,Colon,1.0
3408,Colon,0.0
4435,Colon,0.0
7048,Colon,0.0
6943,Colon,0.0
6929,Colon,0.0
1873,Colon,0.0
5122,Colon,1.0
4357,Colon,0.0
7892,Colon,0.0
6563,Colon,1.0
804,Colon,0.0
5906,Colon,0.0
3508,Colon,1.0
7895,Colon,1.0
1857,Colon,0.0
5888,Colon,0.0
7818,Colon,0.0
3391,Colon,1.0
7054,Colon,0.0
5985,Colon,0.0
823,Colon,1.0
7070,Colon,0.0
5176,Colon,0.0
4456,Colon,0.0
5165,Colon,0.0
7853,Colon,0.0
5902,Colon,0.0
7119,Colon,1.0
5151,Colon,0.0
1919,Colon,0.0
4277,Colon,0.0
2008,Colon,0.0
740,Colon,1.0
744,Colon,1.0
1957,Colon,0.0
3982,Colon,1.0
5098,Colon,1.0
7881,Colon,1.0
1861,Colon,0.0
7051,Colon,0.0
765,Colon,0.0
5981,Colon,0.0
4410,Colon,0.0
5916,Colon,1.0
5134,Colon,0.0
6892,Colon,0.0
4393,Colon,0.0
1902,Colon,0.0
763,Colon,0.0
1982,Colon,1.0
3450,Colon,1.0
785,Colon,1.0
844,Colon,0.0
1995,Colon,0.0
793,Colon,1.0
4355,Colon,0.0
1859,Colon,0.0
858,Colon,1.0
5974,Colon,0.0
4290,Colon,0.0
810,Colon,0.0
5156,Colon,0.0
5986,Colon,0.0
783,Colon,1.0
6987,Colon,0.0
3378,Colon,0.0
6953,Colon,0.0
5157,Colon,0.0
4374,Colon,0.0
3388,Colon,0.0
3972,Colon,1.0
2643,Colon,0.0
6941,Colon,0.0
7001,Colon,0.0
4326,Colon,0.0
5107,Colon,0.0
798,Colon,0.0
830,Colon,0.0
4262,Colon,0.0
1840,Colon,0.0
1926,Colon,0.0
2005,Colon,0.0
3374,Colon,0.0
7872,Colon,0.0
4319,Colon,0.0
1828,Colon,0.0
848,Colon,0.0
5943,Colon,1.0
4455,Colon,0.0
1850,Colon,0.0
4451,Colon,0.0
790,Colon,1.0
3400,Colon,1.0
5970,Colon,0.0
4436,Colon,0.0
4400,Colon,0.0
5889,Colon,1.0
1829,Colon,0.0
1481,Colon,1.0
7835,Colon,0.0
818,Colon,0.0
6938,Colon,0.0
843,Colon,0.0
3396,Colon,1.0
4294,Colon,0.0
3335,Colon,0.0
1509,Colon,0.0
1894,Colon,0.0
1953,Colon,0.0
2624,Colon,1.0
6946,Colon,0.0
1980,Colon,0.0
835,Colon,1.0
6911,Colon,0.0
5102,Colon,1.0
840,Colon,1.0
2612,Colon,0.0
7866,Colon,0.0
7061,Colon,0.0
4420,Colon,0.0
7080,Colon,0.0
1948,Colon,0.0
6986,Colon,0.0
6949,Colon,0.0
2034,Colon,0.0
1881,Colon,0.0
6969,Colon,0.0
5949,Colon,1.0
1951,Colon,0.0
855,Colon,1.0
6937,Colon,0.0
4285,Colon,0.0
1895,Colon,0.0
5991,Colon,1.0
5978,Colon,0.0
809,Colon,0.0
832,Colon,0.0
5891,Colon,1.0
771,Colon,1.0
7066,Colon,0.0
2626,Colon,0.0
2623,Colon,0.0
4429,Colon,0.0
6570,Colon,0.0
6539,Colon,0.0
5904,Colon,0.0
815,Colon,0.0
822,Colon,1.0
7017,Colon,0.0
820,Colon,0.0
2635,Colon,1.0
4458,Colon,0.0
4288,Colon,0.0
7073,Colon,0.0
5976,Colon,0.0
2614,Colon,1.0
4256,Colon,0.0
4366,Colon,0.0
5948,Colon,1.0
6920,Colon,0.0
2050,Colon,0.0
7027,Colon,0.0
5993,Colon,1.0
6959,Colon,0.0
842,Colon,0.0
3978,Colon,0.0
4421,Colon,0.0
6898,Colon,0.0
5091,Colon,0.0
800,Colon,0.0
1927,Colon,0.0
5166,Colon,0.0
1884,Colon,0.0
1869,Colon,0.0
1489,Colon,1.0
7118,Colon,1.0
2019,Colon,0.0
856,Colon,1.0
6554,Colon,1.0
1896,Colon,1.0
7848,Colon,0.0
747,Colon,0.0
2627,Colon,0.0
4320,Colon,0.0
1901,Colon,1.0
3962,Colon,1.0
2035,Colon,0.0
6550,Colon,1.0
7116,Colon,0.0
3412,Colon,0.0
7011,Colon,0.0
4383,Colon,0.0
2638,Colon,0.0
4335,Colon,0.0
7102,Colon,0.0
1488,Colon,1.0
3356,Colon,1.0
6021,Colon,1.0
4351,Colon,0.0
7105,Colon,0.0
4343,Colon,0.0
3394,Colon,1.0
1823,Colon,0.0
7850,Colon,0.0
4309,Colon,0.0
5100,Colon,1.0
5929,Colon,0.0
4419,Colon,0.0
5097,Colon,1.0
7894,Colon,1.0
745,Colon,0.0
5108,Colon,0.0
4279,Colon,1.0
6889,Colon,0.0
2003,Colon,0.0
4395,Colon,0.0
6944,Colon,0.0
1975,Colon,0.0
5939,Colon,0.0
6574,Colon,0.0
6545,Colon,1.0
1904,Colon,0.0
7832,Colon,0.0
2018,Colon,0.0
6893,Colon,0.0
4464,Colon,1.0
1486,Colon,0.0
3380,Colon,0.0
6565,Colon,0.0
7100,Colon,0.0
6549,Colon,1.0
7846,Colon,0.0
2618,Colon,1.0
3386,Colon,0.0
7026,Colon,0.0
1872,Colon,0.0
5907,Colon,1.0
1874,Colon,0.0
7003,Colon,0.0
7021,Colon,0.0
1858,Colon,1.0
817,Colon,0.0
1492,Colon,1.0
4426,Colon,0.0
5944,Colon,1.0
4283,Colon,0.0
6884,Colon,0.0
6555,Colon,1.0
4448,Colon,0.0
964,Colon,1.0
6537,Colon,1.0
2054,Colon,0.0
7036,Colon,0.0
3362,Colon,1.0
6963,Colon,0.0
3359,Colon,1.0
7841,Colon,0.0
1993,Colon,0.0
2032,Colon,0.0
738,Colon,1.0
2006,Colon,0.0
4440,Colon,0.0
7822,Colon,0.0
2653,Colon,0.0
7004,Colon,0.0
795,Colon,1.0
4249,Colon,0.0
7860,Colon,1.0
5933,Colon,0.0
5172,Colon,1.0
1516,Colon,1.0
2628,Colon,0.0
863,Colon,1.0
5136,Colon,1.0
3385,Colon,0.0
4325,Colon,0.0
828,Colon,0.0
7854,Colon,1.0
1827,Colon,0.0
5163,Colon,1.0
4398,Colon,0.0
2592,Colon,0.0
1897,Colon,0.0
807,Colon,0.0
4415,Colon,0.0
911,Colon,1.0
1946,Colon,0.0
5886,Colon,0.0
1972,Colon,0.0
7868,Colon,0.0
6541,Colon,0.0
3354,Colon,0.0
5170,Colon,0.0
4444,Colon,0.0
2010,Colon,0.0
3350,Colon,1.0
7115,Colon,0.0
1984,Colon,0.0
2599,Colon,1.0
1508,Colon,1.0
766,Colon,1.0
3371,Colon,0.0
1839,Colon,0.0
6529,Colon,0.0
7082,Colon,0.0
7081,Colon,0.0
1513,Colon,1.0
5945,Colon,1.0
4264,Colon,1.0
1517,Colon,1.0
3373,Colon,0.0
6939,Colon,1.0
7055,Colon,0.0
3346,Colon,1.0
811,Colon,0.0
6976,Colon,0.0
3956,Colon,0.0
4362,Colon,0.0
4269,Colon,0.0
4454,Colon,0.0
1880,Colon,0.0
4344,Colon,0.0
1860,Colon,0.0
1506,Colon,1.0
963,Colon,1.0
6534,Colon,1.0
1868,Colon,0.0
6952,Colon,0.0
1831,Colon,0.0
779,Colon,0.0
4304,Colon,0.0
846,Colon,0.0
776,Colon,0.0
3423,Colon,1.0
5149,Colon,0.0
6990,Colon,0.0
7845,Colon,1.0
3338,Colon,0.0
2646,Colon,1.0
5123,Colon,1.0
762,Colon,0.0
5164,Colon,0.0
7091,Colon,0.0
806,Colon,0.0
5117,Colon,1.0
6988,Colon,0.0
2012,Colon,0.0
3360,Colon,1.0
4462,Colon,1.0
7075,Colon,0.0
2029,Colon,0.0
4346,Colon,0.0
4329,Colon,0.0
7056,Colon,0.0
2632,Colon,0.0
1910,Colon,0.0
813,Colon,0.0
5147,Colon,1.0
1878,Colon,0.0
2622,Colon,0.0
2041,Colon,0.0
3980,Colon,0.0
1822,Colon,0.0
756,Colon,1.0
7034,Colon,0.0
5940,Colon,0.0
1987,Colon,0.0
7035,Colon,0.0
5112,Colon,1.0
3964,Colon,1.0
799,Colon,0.0
6984,Colon,0.0
1918,Colon,0.0
6934,Colon,0.0
5105,Colon,0.0
6562,Colon,1.0
7813,Colon,0.0
1924,Colon,0.0
6888,Colon,0.0
4306,Colon,0.0
2014,Colon,0.0
7101,Colon,0.0
774,Colon,0.0
4347,Colon,0.0
7053,Colon,0.0
4274,Colon,0.0
7834,Colon,0.0
7072,Colon,0.0
3402,Colon,0.0
6919,Colon,0.0
4300,Colon,0.0
4350,Colon,0.0
1837,Colon,0.0
5152,Colon,0.0
2634,Colon,1.0
5101,Colon,1.0
2039,Colon,0.0
4287,Colon,0.0
4372,Colon,0.0
7878,Colon,1.0
4340,Colon,0.0
2597,Colon,0.0
2021,Colon,0.0
2058,Colon,1.0
812,Colon,0.0
7122,Colon,1.0
7900,Colon,0.0
3355,Colon,1.0
4437,Colon,0.0
1841,Colon,0.0
6886,Colon,0.0
3985,Colon,0.0
852,Colon,1.0
2595,Colon,0.0
3970,Colon,1.0
5908,Colon,1.0
5154,Colon,0.0
3973,Colon,1.0
7839,Colon,1.0
827,Colon,0.0
4460,Colon,0.0
6572,Colon,1.0
7838,Colon,1.0
4365,Colon,0.0
3353,Colon,1.0
6908,Colon,0.0
7844,Colon,1.0
6915,Colon,0.0
6913,Colon,0.0
749,Colon,0.0
2042,Colon,0.0
1930,Colon,0.0
3410,Colon,0.0
780,Colon,0.0
4453,Colon,0.0
1511,Colon,0.0
2594,Colon,0.0
2088,Esophagus,0.0
4498,Esophagus,0.0
3541,Esophagus,0.0
6354,Esophagus,1.0
7162,Esophagus,0.0
1220,Esophagus,1.0
2075,Esophagus,1.0
2080,Esophagus,0.0
1008,Esophagus,0.0
1219,Esophagus,1.0
1145,Esophagus,1.0
1241,Esophagus,0.0
6225,Esophagus,0.0
1237,Esophagus,1.0
6357,Esophagus,1.0
7158,Esophagus,0.0
987,Esophagus,1.0
3762,Esophagus,0.0
3659,Esophagus,0.0
3746,Esophagus,0.0
3655,Esophagus,0.0
3754,Esophagus,1.0
6331,Esophagus,1.0
3743,Esophagus,1.0
1130,Esophagus,0.0
6337,Esophagus,1.0
1131,Esophagus,0.0
6093,Esophagus,1.0
4490,Esophagus,0.0
1226,Esophagus,1.0
6240,Esophagus,1.0
1263,Esophagus,0.0
3671,Esophagus,1.0
3657,Esophagus,0.0
6249,Esophagus,1.0
3647,Esophagus,0.0
3733,Esophagus,1.0
1017,Esophagus,0.0
3534,Esophagus,0.0
6345,Esophagus,0.0
1222,Esophagus,1.0
1223,Esophagus,1.0
7161,Esophagus,0.0
1011,Esophagus,0.0
1260,Esophagus,1.0
7144,Esophagus,1.0
2091,Esophagus,0.0
6078,Esophagus,1.0
6352,Esophagus,1.0
993,Esophagus,1.0
1225,Esophagus,1.0
4479,Esophagus,1.0
978,Esophagus,1.0
997,Esophagus,0.0
4489,Esophagus,0.0
6245,Esophagus,1.0
4499,Esophagus,0.0
4496,Esophagus,1.0
1224,Esophagus,1.0
1229,Esophagus,1.0
6341,Esophagus,1.0
1251,Esophagus,0.0
1003,Esophagus,0.0
6364,Esophagus,1.0
3538,Esophagus,0.0
6351,Esophagus,1.0
6107,Esophagus,0.0
1117,Esophagus,0.0
3539,Esophagus,0.0
4492,Esophagus,0.0
2067,Esophagus,1.0
6091,Esophagus,1.0
6092,Esophagus,1.0
6355,Esophagus,1.0
1000,Esophagus,0.0
1121,Esophagus,0.0
6080,Esophagus,1.0
1240,Esophagus,0.0
7152,Esophagus,0.0
7154,Esophagus,0.0
1132,Esophagus,0.0
7157,Esophagus,1.0
1002,Esophagus,0.0
995,Esophagus,0.0
1141,Esophagus,1.0
2074,Esophagus,1.0
1009,Esophagus,0.0
1231,Esophagus,1.0
6085,Esophagus,1.0
6356,Esophagus,1.0
6244,Esophagus,1.0
2096,Esophagus,0.0
3761,Esophagus,1.0
3667,Esophagus,1.0
3673,Esophagus,1.0
983,Esophagus,1.0
1120,Esophagus,0.0
6251,Esophagus,1.0
7148,Esophagus,1.0
6346,Esophagus,0.0
4484,Esophagus,1.0
994,Esophagus,1.0
7134,Esophagus,1.0
3763,Esophagus,1.0
6328,Esophagus,1.0
981,Esophagus,1.0
996,Esophagus,0.0
6223,Esophagus,0.0
1135,Esophagus,1.0
3666,Esophagus,1.0
2097,Esophagus,0.0
1138,Esophagus,1.0
1257,Esophagus,1.0
4486,Esophagus,0.0
7139,Esophagus,1.0
2069,Esophagus,1.0
6233,Esophagus,0.0
6330,Esophagus,1.0
7128,Esophagus,1.0
1004,Esophagus,0.0
985,Esophagus,1.0
3662,Esophagus,0.0
7137,Esophagus,1.0
1255,Esophagus,1.0
1248,Esophagus,1.0
6343,Esophagus,0.0
1007,Esophagus,0.0
2083,Esophagus,0.0
7138,Esophagus,1.0
2061,Esophagus,1.0
1261,Esophagus,1.0
6094,Esophagus,1.0
7164,Esophagus,0.0
2084,Esophagus,0.0
3521,Esophagus,1.0
6358,Esophagus,1.0
6106,Esophagus,0.0
3674,Esophagus,1.0
2095,Esophagus,0.0
6086,Esophagus,1.0
1256,Esophagus,0.0
3546,Esophagus,0.0
3656,Esophagus,0.0
3523,Esophagus,1.0
3547,Esophagus,0.0
1230,Esophagus,1.0
3543,Esophagus,0.0
3531,Esophagus,1.0
1221,Esophagus,1.0
3672,Esophagus,1.0
2062,Esophagus,1.0
3737,Esophagus,1.0
4467,Esophagus,1.0
3753,Esophagus,1.0
6243,Esophagus,1.0
6229,Esophagus,0.0
6334,Esophagus,1.0
6363,Esophagus,1.0
6236,Esophagus,1.0
6250,Esophagus,1.0
1014,Esophagus,0.0
2082,Esophagus,0.0
6105,Esophagus,0.0
3542,Esophagus,0.0
3740,Esophagus,1.0
6097,Esophagus,0.0
1134,Esophagus,1.0
1258,Esophagus,1.0
6242,Esophagus,1.0
3661,Esophagus,0.0
984,Esophagus,1.0
6360,Esophagus,1.0
6102,Esophagus,0.0
3524,Esophagus,1.0
2093,Esophagus,0.0
988,Esophagus,1.0
3735,Esophagus,1.0
1250,Esophagus,1.0
1228,Esophagus,1.0
7136,Esophagus,1.0
4483,Esophagus,1.0
3533,Esophagus,1.0
7140,Esophagus,1.0
3752,Esophagus,1.0
3759,Esophagus,1.0
7142,Esophagus,0.0
7160,Esophagus,0.0
1236,Esophagus,1.0
3738,Esophagus,1.0
3529,Esophagus,1.0
3658,Esophagus,0.0
2090,Esophagus,0.0
980,Esophagus,1.0
1239,Esophagus,0.0
1144,Esophagus,1.0
3742,Esophagus,1.0
2066,Esophagus,0.0
1243,Esophagus,0.0
2086,Esophagus,1.0
6231,Esophagus,0.0
6099,Esophagus,0.0
1244,Esophagus,0.0
6227,Esophagus,0.0
1143,Esophagus,1.0
1001,Esophagus,0.0
1015,Esophagus,0.0
2087,Esophagus,1.0
2065,Esophagus,1.0
3744,Esophagus,0.0
3665,Esophagus,1.0
3548,Esophagus,0.0
1142,Esophagus,1.0
6349,Esophagus,0.0
7146,Esophagus,0.0
3760,Esophagus,1.0
4468,Esophagus,1.0
6247,Esophagus,1.0
4471,Esophagus,1.0
2068,Esophagus,1.0
2089,Esophagus,1.0
6234,Esophagus,0.0
1233,Esophagus,1.0
6338,Esophagus,1.0
3734,Esophagus,1.0
3749,Esophagus,1.0
6339,Esophagus,1.0
6350,Esophagus,1.0
7141,Esophagus,1.0
6230,Esophagus,0.0
3646,Esophagus,0.0
4493,Esophagus,1.0
6096,Esophagus,1.0
6362,Esophagus,1.0
6238,Esophagus,1.0
2072,Esophagus,1.0
1016,Esophagus,0.0
989,Esophagus,1.0
6082,Esophagus,1.0
3648,Esophagus,0.0
4473,Esophagus,0.0
1259,Esophagus,1.0
3545,Esophagus,0.0
6336,Esophagus,1.0
7147,Esophagus,1.0
6081,Esophagus,1.0
4495,Esophagus,0.0
2060,Esophagus,1.0
7133,Esophagus,1.0
6089,Esophagus,1.0
7150,Esophagus,1.0
6100,Esophagus,0.0
3748,Esophagus,0.0
7143,Esophagus,1.0
4480,Esophagus,0.0
3530,Esophagus,1.0
6327,Esophagus,1.0
2079,Esophagus,0.0
3660,Esophagus,0.0
4476,Esophagus,1.0
3747,Esophagus,0.0
1262,Esophagus,1.0
2063,Esophagus,1.0
3739,Esophagus,1.0
7145,Esophagus,1.0
6079,Esophagus,1.0
2070,Esophagus,1.0
6332,Esophagus,1.0
1254,Esophagus,1.0
7153,Esophagus,0.0
2076,Esophagus,1.0
6335,Esophagus,1.0
1119,Esophagus,0.0
7132,Esophagus,1.0
1140,Esophagus,1.0
1232,Esophagus,1.0
3757,Esophagus,1.0
3649,Esophagus,0.0
3525,Esophagus,1.0
990,Esophagus,1.0
1013,Esophagus,0.0
1006,Esophagus,0.0
3536,Esophagus,0.0
2085,Esophagus,0.0
6347,Esophagus,0.0
6084,Esophagus,1.0
3736,Esophagus,1.0
1242,Esophagus,0.0
1126,Esophagus,0.0
3755,Esophagus,1.0
6226,Esophagus,0.0
6232,Esophagus,0.0
3544,Esophagus,0.0
1116,Esophagus,0.0
7155,Esophagus,0.0
3669,Esophagus,1.0
4500,Esophagus,0.0
4472,Esophagus,1.0
6333,Esophagus,1.0
7195,HeadNeck,1.0
7177,HeadNeck,1.0
7282,HeadNeck,0.0
7259,HeadNeck,0.0
2154,HeadNeck,1.0
7299,HeadNeck,1.0
2131,HeadNeck,0.0
4545,HeadNeck,0.0
7302,HeadNeck,0.0
4669,HeadNeck,1.0
7172,HeadNeck,1.0
4549,HeadNeck,1.0
4626,HeadNeck,1.0
7188,HeadNeck,0.0
4541,HeadNeck,1.0
4606,HeadNeck,0.0
4583,HeadNeck,0.0
7287,HeadNeck,0.0
7294,HeadNeck,1.0
7174,HeadNeck,1.0
2140,HeadNeck,0.0
2137,HeadNeck,0.0
2107,HeadNeck,1.0
4524,HeadNeck,0.0
2113,HeadNeck,1.0
2153,HeadNeck,1.0
4576,HeadNeck,0.0
7283,HeadNeck,0.0
2098,HeadNeck,0.0
7227,HeadNeck,0.0
4539,HeadNeck,1.0
2123,HeadNeck,1.0
7252,HeadNeck,0.0
4509,HeadNeck,0.0
4568,HeadNeck,0.0
7254,HeadNeck,0.0
4612,HeadNeck,0.0
2144,HeadNeck,0.0
7273,HeadNeck,0.0
7223,HeadNeck,1.0
4513,HeadNeck,1.0
4544,HeadNeck,1.0
4547,HeadNeck,1.0
4589,HeadNeck,0.0
4570,HeadNeck,0.0
2120,HeadNeck,0.0
2129,HeadNeck,0.0
4508,HeadNeck,0.0
4521,HeadNeck,0.0
2155,HeadNeck,0.0
2128,HeadNeck,0.0
4503,HeadNeck,0.0
7243,HeadNeck,0.0
4629,HeadNeck,1.0
4557,HeadNeck,0.0
7210,HeadNeck,1.0
4641,HeadNeck,1.0
4504,HeadNeck,0.0
2103,HeadNeck,0.0
4607,HeadNeck,0.0
2143,HeadNeck,0.0
7176,HeadNeck,1.0
4507,HeadNeck,0.0
7189,HeadNeck,1.0
4662,HeadNeck,0.0
4656,HeadNeck,0.0
7281,HeadNeck,0.0
4555,HeadNeck,1.0
7307,HeadNeck,1.0
2101,HeadNeck,1.0
2116,HeadNeck,1.0
4572,HeadNeck,0.0
4535,HeadNeck,1.0
4598,HeadNeck,0.0
2161,HeadNeck,1.0
4664,HeadNeck,1.0
4515,HeadNeck,0.0
4596,HeadNeck,0.0
7249,HeadNeck,0.0
4651,HeadNeck,1.0
4525,HeadNeck,0.0
4663,HeadNeck,1.0
7269,HeadNeck,1.0
4649,HeadNeck,1.0
4660,HeadNeck,0.0
7285,HeadNeck,0.0
7272,HeadNeck,0.0
4655,HeadNeck,0.0
4506,HeadNeck,0.0
7216,HeadNeck,1.0
7238,HeadNeck,0.0
2114,HeadNeck,1.0
2164,HeadNeck,0.0
7228,HeadNeck,0.0
2105,HeadNeck,1.0
2117,HeadNeck,1.0
4562,HeadNeck,0.0
7267,HeadNeck,0.0
7261,HeadNeck,0.0
4532,HeadNeck,0.0
4603,HeadNeck,0.0
7193,HeadNeck,1.0
7298,HeadNeck,1.0
7212,HeadNeck,0.0
2158,HeadNeck,0.0
4510,HeadNeck,1.0
7264,HeadNeck,0.0
4608,HeadNeck,0.0
7248,HeadNeck,0.0
4579,HeadNeck,0.0
4540,HeadNeck,1.0
2115,HeadNeck,0.0
4604,HeadNeck,0.0
2122,HeadNeck,1.0
4634,HeadNeck,0.0
7263,HeadNeck,0.0
4571,HeadNeck,0.0
4563,HeadNeck,0.0
7180,HeadNeck,0.0
4584,HeadNeck,0.0
7166,HeadNeck,0.0
7175,HeadNeck,1.0
7306,HeadNeck,1.0
4639,HeadNeck,1.0
4658,HeadNeck,0.0
7265,HeadNeck,0.0
4599,HeadNeck,0.0
7207,HeadNeck,1.0
4550,HeadNeck,0.0
4613,HeadNeck,0.0
4623,HeadNeck,0.0
7290,HeadNeck,1.0
4594,HeadNeck,0.0
7293,HeadNeck,1.0
2134,HeadNeck,0.0
7297,HeadNeck,1.0
4642,HeadNeck,1.0
7284,HeadNeck,0.0
7201,HeadNeck,1.0
2157,HeadNeck,0.0
4542,HeadNeck,1.0
4586,HeadNeck,0.0
2104,HeadNeck,1.0
7288,HeadNeck,1.0
7256,HeadNeck,0.0
2108,HeadNeck,0.0
4611,HeadNeck,0.0
4534,HeadNeck,1.0
4512,HeadNeck,1.0
4625,HeadNeck,1.0
7199,HeadNeck,1.0
4627,HeadNeck,1.0
7262,HeadNeck,0.0
4588,HeadNeck,0.0
7225,HeadNeck,1.0
4520,HeadNeck,1.0
7209,HeadNeck,1.0
4578,HeadNeck,0.0
7204,HeadNeck,0.0
4523,HeadNeck,0.0
2167,HeadNeck,1.0
4554,HeadNeck,1.0
4527,HeadNeck,0.0
4574,HeadNeck,0.0
7218,HeadNeck,1.0
4528,HeadNeck,0.0
7208,HeadNeck,1.0
2166,HeadNeck,1.0
2121,HeadNeck,0.0
2135,HeadNeck,0.0
4575,HeadNeck,0.0
4553,HeadNeck,1.0
2165,HeadNeck,0.0
7309,HeadNeck,1.0
4633,HeadNeck,1.0
7192,HeadNeck,1.0
7231,HeadNeck,0.0
7305,HeadNeck,1.0
4556,HeadNeck,1.0
4577,HeadNeck,0.0
4653,HeadNeck,1.0
4517,HeadNeck,0.0
7250,HeadNeck,0.0
4624,HeadNeck,0.0
7251,HeadNeck,0.0
4650,HeadNeck,1.0
7171,HeadNeck,0.0
7217,HeadNeck,0.0
4614,HeadNeck,0.0
7289,HeadNeck,1.0
7198,HeadNeck,1.0
7234,HeadNeck,0.0
7239,HeadNeck,0.0
4560,HeadNeck,0.0
2136,HeadNeck,0.0
2109,HeadNeck,0.0
7185,HeadNeck,1.0
4616,HeadNeck,0.0
4640,HeadNeck,1.0
4543,HeadNeck,1.0
4610,HeadNeck,0.0
7292,HeadNeck,1.0
7173,HeadNeck,1.0
4548,HeadNeck,1.0
7280,HeadNeck,1.0
7296,HeadNeck,0.0
7202,HeadNeck,0.0
7274,HeadNeck,0.0
4595,HeadNeck,0.0
4668,HeadNeck,1.0
4567,HeadNeck,0.0
4585,HeadNeck,0.0
4630,HeadNeck,1.0
4628,HeadNeck,1.0
7303,HeadNeck,0.0
2100,HeadNeck,1.0
4635,HeadNeck,1.0
4546,HeadNeck,1.0
7241,HeadNeck,0.0
4654,HeadNeck,0.0
2124,HeadNeck,1.0
4551,HeadNeck,0.0
7221,HeadNeck,1.0
7182,HeadNeck,0.0
7229,HeadNeck,0.0
7300,HeadNeck,0.0
4558,HeadNeck,0.0
4505,HeadNeck,0.0
7247,HeadNeck,0.0
2127,HeadNeck,0.0
4514,HeadNeck,0.0
7244,HeadNeck,0.0
4538,HeadNeck,1.0
4665,HeadNeck,1.0
7260,HeadNeck,0.0
4564,HeadNeck,1.0
4615,HeadNeck,0.0
7205,HeadNeck,0.0
2142,HeadNeck,0.0
7279,HeadNeck,1.0
2163,HeadNeck,0.0
7211,HeadNeck,0.0
4516,HeadNeck,0.0
7169,HeadNeck,0.0
4617,HeadNeck,0.0
4501,HeadNeck,0.0
4590,HeadNeck,0.0
2110,HeadNeck,0.0
2133,HeadNeck,0.0
2126,HeadNeck,0.0
4601,HeadNeck,0.0
4573,HeadNeck,0.0
7232,HeadNeck,0.0
7214,HeadNeck,1.0
4581,HeadNeck,0.0
4659,HeadNeck,0.0
4652,HeadNeck,0.0
4526,HeadNeck,1.0
2149,HeadNeck,0.0
7167,HeadNeck,0.0
7213,HeadNeck,1.0
7219,HeadNeck,1.0
4609,HeadNeck,0.0
2139,HeadNeck,0.0
7224,HeadNeck,1.0
4637,HeadNeck,1.0
7181,HeadNeck,0.0
7245,HeadNeck,0.0
2102,HeadNeck,1.0
7183,HeadNeck,0.0
7335,Kidney,1.0
4671,Kidney,1.0
7312,Kidney,1.0
2171,Kidney,1.0
3459,Kidney,1.0
3496,Kidney,1.0
958,Kidney,1.0
7317,Kidney,0.0
6066,Kidney,1.0
6067,Kidney,1.0
3461,Kidney,1.0
3457,Kidney,1.0
2179,Kidney,0.0
3464,Kidney,1.0
4678,Kidney,0.0
2183,Kidney,1.0
4688,Kidney,1.0
916,Kidney,1.0
3500,Kidney,1.0
6026,Kidney,1.0
4689,Kidney,1.0
2178,Kidney,0.0
2168,Kidney,1.0
2170,Kidney,1.0
956,Kidney,1.0
7318,Kidney,0.0
3462,Kidney,1.0
957,Kidney,1.0
3468,Kidney,1.0
6022,Kidney,1.0
7330,Kidney,1.0
7333,Kidney,1.0
2188,Kidney,0.0
912,Kidney,1.0
4672,Kidney,1.0
3491,Kidney,1.0
2176,Kidney,0.0
3492,Kidney,1.0
7325,Kidney,0.0
7332,Kidney,1.0
961,Kidney,1.0
4686,Kidney,1.0
4690,Kidney,1.0
2174,Kidney,0.0
7327,Kidney,0.0
4673,Kidney,1.0
7340,Kidney,0.0
2182,Kidney,1.0
7326,Kidney,0.0
4670,Kidney,1.0
955,Kidney,1.0
2185,Kidney,0.0
4674,Kidney,1.0
2177,Kidney,0.0
4683,Kidney,0.0
2180,Kidney,0.0
7337,Kidney,0.0
3498,Kidney,1.0
6025,Kidney,1.0
3489,Kidney,1.0
917,Kidney,1.0
4685,Kidney,0.0
4682,Kidney,0.0
3456,Kidney,1.0
3466,Kidney,1.0
2187,Kidney,0.0
2186,Kidney,0.0
4694,Kidney,0.0
953,Kidney,1.0
3460,Kidney,1.0
4675,Kidney,0.0
4681,Kidney,0.0
7316,Kidney,0.0
7322,Kidney,0.0
954,Kidney,1.0
959,Kidney,1.0
6023,Kidney,1.0
915,Kidney,1.0
2169,Kidney,1.0
3455,Kidney,1.0
4677,Kidney,0.0
7313,Kidney,1.0
918,Kidney,1.0
7320,Kidney,0.0
7328,Kidney,0.0
7319,Kidney,0.0
3490,Kidney,1.0
3467,Kidney,1.0
6064,Kidney,1.0
3463,Kidney,1.0
6024,Kidney,1.0
3497,Kidney,1.0
7339,Kidney,0.0
4684,Kidney,0.0
7338,Kidney,0.0
2198,Liver,1.0
4717,Liver,1.0
4750,Liver,0.0
7355,Liver,0.0
7432,Liver,1.0
4746,Liver,0.0
4701,Liver,1.0
4737,Liver,0.0
7388,Liver,1.0
7396,Liver,0.0
2244,Liver,0.0
2204,Liver,1.0
7410,Liver,0.0
2214,Liver,0.0
2219,Liver,1.0
2234,Liver,1.0
7382,Liver,1.0
4715,Liver,0.0
7419,Liver,0.0
4730,Liver,1.0
4726,Liver,0.0
2207,Liver,0.0
4712,Liver,0.0
7352,Liver,1.0
7358,Liver,0.0
7354,Liver,0.0
7403,Liver,1.0
4700,Liver,1.0
2249,Liver,1.0
4734,Liver,1.0
7423,Liver,0.0
4702,Liver,1.0
2205,Liver,1.0
7401,Liver,0.0
7367,Liver,0.0
4747,Liver,0.0
7370,Liver,0.0
4744,Liver,0.0
4708,Liver,0.0
7391,Liver,1.0
7351,Liver,1.0
7417,Liver,0.0
7394,Liver,0.0
4753,Liver,0.0
7376,Liver,0.0
4760,Liver,1.0
4699,Liver,1.0
4706,Liver,1.0
4729,Liver,1.0
4752,Liver,0.0
4719,Liver,1.0
7375,Liver,0.0
4728,Liver,0.0
4745,Liver,1.0
2227,Liver,0.0
2213,Liver,0.0
4733,Liver,0.0
7393,Liver,1.0
7404,Liver,1.0
2199,Liver,1.0
2218,Liver,0.0
2208,Liver,1.0
7392,Liver,1.0
7425,Liver,0.0
4748,Liver,0.0
7420,Liver,0.0
2194,Liver,1.0
2245,Liver,0.0
4742,Liver,0.0
7347,Liver,1.0
4741,Liver,1.0
4698,Liver,1.0
4751,Liver,0.0
7400,Liver,0.0
7366,Liver,0.0
2220,Liver,1.0
2201,Liver,0.0
2224,Liver,1.0
2217,Liver,0.0
2231,Liver,1.0
7389,Liver,1.0
7353,Liver,1.0
7363,Liver,1.0
2240,Liver,1.0
7386,Liver,1.0
7433,Liver,1.0
4709,Liver,0.0
2230,Liver,0.0
7348,Liver,1.0
4711,Liver,0.0
7343,Liver,1.0
2215,Liver,0.0
7359,Liver,1.0
7379,Liver,1.0
7350,Liver,1.0
2189,Liver,1.0
2191,Liver,1.0
4710,Liver,0.0
2235,Liver,1.0
7430,Liver,1.0
7346,Liver,1.0
4758,Liver,1.0
4723,Liver,1.0
4718,Liver,0.0
7369,Liver,0.0
7415,Liver,1.0
4731,Liver,1.0
2225,Liver,1.0
7411,Liver,0.0
2250,Liver,1.0
2211,Liver,0.0
7357,Liver,0.0
4757,Liver,1.0
2222,Liver,1.0
2200,Liver,0.0
7429,Liver,0.0
7387,Liver,1.0
2195,Liver,1.0
2216,Liver,0.0
7349,Liver,1.0
7426,Liver,0.0
7364,Liver,0.0
2193,Liver,1.0
4755,Liver,0.0
2221,Liver,1.0
4759,Liver,1.0
7372,Liver,0.0
7373,Liver,0.0
7405,Liver,1.0
2251,Liver,1.0
4761,Liver,1.0
7412,Liver,0.0
7428,Liver,1.0
4703,Liver,1.0
7383,Liver,1.0
2253,Liver,1.0
2233,Liver,1.0
7361,Liver,0.0
2229,Liver,0.0
4756,Liver,1.0
2212,Liver,0.0
7378,Liver,1.0
7374,Liver,0.0
4714,Liver,0.0
2228,Liver,0.0
7397,Liver,0.0
2236,Liver,1.0
4727,Liver,0.0
7381,Liver,1.0
2232,Liver,1.0
7356,Liver,0.0
7365,Liver,0.0
2192,Liver,1.0
4738,Liver,0.0
2242,Liver,0.0
7344,Liver,1.0
7422,Liver,1.0
7384,Liver,1.0
886,Lung,1.0
1037,Lung,1.0
6116,Lung,1.0
3573,Lung,1.0
6108,Lung,1.0
882,Lung,1.0
891,Lung,1.0
2256,Lung,1.0
3579,Lung,1.0
3560,Lung,1.0
3559,Lung,1.0
6122,Lung,1.0
2257,Lung,1.0
6134,Lung,1.0
1040,Lung,1.0
883,Lung,1.0
1046,Lung,1.0
1030,Lung,1.0
3429,Lung,1.0
1051,Lung,1.0
6124,Lung,1.0
4764,Lung,1.0
6008,Lung,1.0
1025,Lung,1.0
876,Lung,1.0
4766,Lung,1.0
1055,Lung,1.0
885,Lung,1.0
6129,Lung,1.0
3575,Lung,1.0
2263,Lung,0.0
1050,Lung,1.0
3581,Lung,1.0
5997,Lung,1.0
2254,Lung,1.0
896,Lung,1.0
7435,Lung,1.0
1060,Lung,1.0
2255,Lung,1.0
1026,Lung,1.0
879,Lung,1.0
1036,Lung,1.0
5998,Lung,1.0
3552,Lung,1.0
6009,Lung,1.0
3566,Lung,1.0
3571,Lung,1.0
1033,Lung,0.0
3582,Lung,1.0
3558,Lung,1.0
2264,Lung,0.0
6119,Lung,1.0
869,Lung,1.0
5995,Lung,1.0
1041,Lung,0.0
6132,Lung,1.0
6115,Lung,1.0
3432,Lung,1.0
6110,Lung,1.0
893,Lung,1.0
6118,Lung,1.0
7436,Lung,1.0
3577,Lung,1.0
2266,Lung,1.0
1031,Lung,1.0
4768,Lung,1.0
889,Lung,1.0
3570,Lung,1.0
3584,Lung,1.0
3576,Lung,1.0
878,Lung,1.0
7442,Lung,1.0
6007,Lung,1.0
873,Lung,1.0
894,Lung,1.0
3555,Lung,1.0
871,Lung,1.0
1027,Lung,1.0
3562,Lung,1.0
6005,Lung,1.0
3563,Lung,1.0
6127,Lung,1.0
877,Lung,1.0
3580,Lung,1.0
4772,Lung,1.0
867,Lung,1.0
6001,Lung,1.0
2258,Lung,1.0
3557,Lung,1.0
1059,Lung,1.0
1039,Lung,0.0
6112,Lung,1.0
895,Lung,1.0
1035,Lung,1.0
6003,Lung,1.0
6004,Lung,1.0
892,Lung,1.0
890,Lung,1.0
5999,Lung,1.0
3428,Lung,1.0
2267,Lung,0.0
3431,Lung,1.0
1034,Lung,1.0
3574,Lung,1.0
3433,Lung,1.0
2265,Lung,0.0
7438,Lung,1.0
6114,Lung,1.0
1042,Lung,1.0
3556,Lung,1.0
6002,Lung,1.0
6131,Lung,1.0
1056,Lung,1.0
2261,Lung,1.0
1028,Lung,1.0
1038,Lung,1.0
6000,Lung,1.0
6006,Lung,1.0
1057,Lung,1.0
7441,Lung,1.0
3585,Lung,1.0
4767,Lung,1.0
3567,Lung,1.0
1048,Lung,1.0
872,Lung,1.0
4765,Lung,1.0
6125,Lung,1.0
870,Lung,1.0
6130,Lung,1.0
1044,Lung,1.0
2304,Ovarian,1.0
6077,Ovarian,1.0
2286,Ovarian,1.0
2278,Ovarian,0.0
2301,Ovarian,1.0
7466,Ovarian,1.0
2288,Ovarian,1.0
4794,Ovarian,1.0
4780,Ovarian,0.0
2277,Ovarian,0.0
2271,Ovarian,0.0
7461,Ovarian,0.0
7487,Ovarian,1.0
4792,Ovarian,1.0
7483,Ovarian,1.0
2295,Ovarian,1.0
4774,Ovarian,0.0
7485,Ovarian,1.0
2289,Ovarian,1.0
3517,Ovarian,1.0
6076,Ovarian,1.0
7468,Ovarian,1.0
2270,Ovarian,0.0
4781,Ovarian,0.0
2290,Ovarian,1.0
4807,Ovarian,1.0
4778,Ovarian,0.0
7447,Ovarian,0.0
7460,Ovarian,0.0
2268,Ovarian,0.0
973,Ovarian,1.0
2285,Ovarian,1.0
7469,Ovarian,1.0
7474,Ovarian,1.0
2275,Ovarian,0.0
2269,Ovarian,0.0
7484,Ovarian,1.0
4798,Ovarian,1.0
4782,Ovarian,0.0
2310,Ovarian,1.0
7481,Ovarian,1.0
7480,Ovarian,1.0
7457,Ovarian,0.0
969,Ovarian,1.0
7463,Ovarian,1.0
7479,Ovarian,1.0
2287,Ovarian,1.0
2299,Ovarian,1.0
7450,Ovarian,0.0
2283,Ovarian,0.0
2284,Ovarian,1.0
2282,Ovarian,0.0
4795,Ovarian,0.0
4783,Ovarian,0.0
2303,Ovarian,1.0
2274,Ovarian,0.0
7444,Ovarian,0.0
2298,Ovarian,1.0
3518,Ovarian,1.0
4799,Ovarian,1.0
2281,Ovarian,0.0
4779,Ovarian,0.0
4796,Ovarian,1.0
7456,Ovarian,0.0
2306,Ovarian,1.0
7459,Ovarian,0.0
7488,Ovarian,1.0
2292,Ovarian,1.0
4800,Ovarian,1.0
6075,Ovarian,1.0
4776,Ovarian,0.0
4787,Ovarian,1.0
4790,Ovarian,1.0
2312,Ovarian,1.0
974,Ovarian,1.0
7475,Ovarian,1.0
6074,Ovarian,0.0
2308,Ovarian,1.0
2294,Ovarian,1.0
4791,Ovarian,1.0
2293,Ovarian,1.0
7465,Ovarian,1.0
976,Ovarian,1.0
2302,Ovarian,1.0
4784,Ovarian,0.0
7490,Ovarian,1.0
4797,Ovarian,1.0
7473,Ovarian,1.0
7477,Ovarian,1.0
4803,Ovarian,1.0
977,Ovarian,1.0
2272,Ovarian,0.0
7458,Ovarian,0.0
7464,Ovarian,1.0
972,Ovarian,1.0
2276,Ovarian,0.0
2297,Ovarian,1.0
4786,Ovarian,0.0
7470,Ovarian,1.0
975,Ovarian,1.0
7451,Ovarian,0.0
7446,Ovarian,0.0
971,Ovarian,1.0
4840,Pancreatic,0.0
1288,Pancreatic,0.0
4857,Pancreatic,0.0
3796,Pancreatic,1.0
2350,Pancreatic,0.0
4855,Pancreatic,0.0
2337,Pancreatic,0.0
1287,Pancreatic,0.0
4814,Pancreatic,0.0
4813,Pancreatic,0.0
7501,Pancreatic,0.0
1290,Pancreatic,1.0
3782,Pancreatic,0.0
1281,Pancreatic,0.0
4866,Pancreatic,1.0
4819,Pancreatic,1.0
2351,Pancreatic,0.0
4815,Pancreatic,0.0
7509,Pancreatic,0.0
4821,Pancreatic,0.0
4825,Pancreatic,1.0
4846,Pancreatic,0.0
2348,Pancreatic,0.0
2327,Pancreatic,1.0
4860,Pancreatic,0.0
4817,Pancreatic,1.0
2349,Pancreatic,0.0
3793,Pancreatic,0.0
1302,Pancreatic,1.0
3801,Pancreatic,0.0
4820,Pancreatic,0.0
2357,Pancreatic,1.0
1296,Pancreatic,0.0
6388,Pancreatic,0.0
4829,Pancreatic,0.0
6385,Pancreatic,0.0
1291,Pancreatic,1.0
6384,Pancreatic,0.0
2355,Pancreatic,0.0
1023,Pancreatic,1.0
4837,Pancreatic,0.0
4824,Pancreatic,1.0
6383,Pancreatic,0.0
3785,Pancreatic,0.0
2338,Pancreatic,0.0
3795,Pancreatic,1.0
2317,Pancreatic,0.0
7507,Pancreatic,0.0
2324,Pancreatic,0.0
2347,Pancreatic,0.0
3804,Pancreatic,0.0
4861,Pancreatic,0.0
3549,Pancreatic,1.0
2358,Pancreatic,1.0
1301,Pancreatic,1.0
4838,Pancreatic,0.0
2342,Pancreatic,0.0
2333,Pancreatic,0.0
4867,Pancreatic,1.0
2320,Pancreatic,1.0
2313,Pancreatic,0.0
6389,Pancreatic,0.0
1284,Pancreatic,0.0
4811,Pancreatic,0.0
2323,Pancreatic,0.0
4834,Pancreatic,0.0
3800,Pancreatic,1.0
1298,Pancreatic,0.0
4830,Pancreatic,1.0
7503,Pancreatic,0.0
3798,Pancreatic,0.0
1020,Pancreatic,1.0
2328,Pancreatic,1.0
4839,Pancreatic,0.0
3790,Pancreatic,1.0
4847,Pancreatic,0.0
2318,Pancreatic,0.0
7502,Pancreatic,0.0
1294,Pancreatic,1.0
4828,Pancreatic,1.0
4849,Pancreatic,0.0
2315,Pancreatic,0.0
1283,Pancreatic,0.0
4826,Pancreatic,1.0
4856,Pancreatic,0.0
1024,Pancreatic,1.0
1299,Pancreatic,0.0
4863,Pancreatic,0.0
1022,Pancreatic,1.0
2314,Pancreatic,0.0
4845,Pancreatic,0.0
4842,Pancreatic,0.0
3797,Pancreatic,1.0
4841,Pancreatic,0.0
1282,Pancreatic,0.0
2344,Pancreatic,0.0
7498,Pancreatic,0.0
4843,Pancreatic,0.0
1018,Pancreatic,1.0
6390,Pancreatic,1.0
4850,Pancreatic,0.0
2352,Pancreatic,0.0
4816,Pancreatic,0.0
2346,Pancreatic,0.0
2326,Pancreatic,1.0
4827,Pancreatic,1.0
1300,Pancreatic,1.0
2322,Pancreatic,1.0
7499,Pancreatic,0.0
4852,Pancreatic,0.0
7510,Pancreatic,1.0
1297,Pancreatic,1.0
1295,Pancreatic,0.0
4848,Pancreatic,0.0
4844,Pancreatic,0.0
3781,Pancreatic,0.0
4810,Pancreatic,0.0
3550,Pancreatic,1.0
3784,Pancreatic,0.0
2321,Pancreatic,1.0
2343,Pancreatic,0.0
4822,Pancreatic,1.0
3786,Pancreatic,0.0
2359,Pancreatic,1.0
7506,Pancreatic,0.0
4865,Pancreatic,0.0
2329,Pancreatic,1.0
3794,Pancreatic,1.0
7494,Pancreatic,1.0
2325,Pancreatic,1.0
4858,Pancreatic,0.0
1021,Pancreatic,1.0
3805,Pancreatic,0.0
2335,Pancreatic,0.0
4835,Pancreatic,0.0
7492,Pancreatic,0.0
4854,Pancreatic,0.0
948,Prostate,1.0
2378,Prostate,0.0
7527,Prostate,0.0
4885,Prostate,1.0
7519,Prostate,1.0
944,Prostate,1.0
2360,Prostate,0.0
2404,Prostate,1.0
6028,Prostate,1.0
4883,Prostate,0.0
4882,Prostate,0.0
7533,Prostate,1.0
2405,Prostate,1.0
4898,Prostate,1.0
2381,Prostate,0.0
945,Prostate,1.0
2387,Prostate,1.0
6052,Prostate,1.0
4884,Prostate,0.0
2392,Prostate,1.0
7547,Prostate,1.0
6047,Prostate,1.0
7517,Prostate,1.0
2366,Prostate,1.0
938,Prostate,1.0
6048,Prostate,1.0
2396,Prostate,0.0
947,Prostate,1.0
7538,Prostate,1.0
7516,Prostate,0.0
7545,Prostate,1.0
2391,Prostate,1.0
4877,Prostate,1.0
4869,Prostate,0.0
2402,Prostate,1.0
2365,Prostate,1.0
6044,Prostate,1.0
2401,Prostate,1.0
2403,Prostate,1.0
2367,Prostate,1.0
941,Prostate,1.0
2377,Prostate,0.0
6051,Prostate,1.0
4880,Prostate,0.0
6027,Prostate,1.0
4872,Prostate,0.0
6042,Prostate,1.0
2374,Prostate,1.0
6043,Prostate,1.0
7523,Prostate,1.0
2411,Prostate,1.0
7534,Prostate,1.0
921,Prostate,1.0
4895,Prostate,1.0
2382,Prostate,0.0
7535,Prostate,1.0
7526,Prostate,0.0
4896,Prostate,1.0
7521,Prostate,1.0
2362,Prostate,0.0
7529,Prostate,1.0
4887,Prostate,1.0
4900,Prostate,1.0
6050,Prostate,1.0
2372,Prostate,1.0
4888,Prostate,1.0
951,Prostate,1.0
7550,Prostate,1.0
2412,Prostate,1.0
4899,Prostate,1.0
940,Prostate,1.0
4891,Prostate,0.0
935,Prostate,1.0
2363,Prostate,0.0
6057,Prostate,1.0
933,Prostate,1.0
2368,Prostate,1.0
3470,Prostate,1.0
7518,Prostate,1.0
6058,Prostate,1.0
6053,Prostate,1.0
939,Prostate,1.0
7543,Prostate,0.0
7520,Prostate,1.0
919,Prostate,1.0
6062,Prostate,1.0
2406,Prostate,0.0
2400,Prostate,1.0
2380,Prostate,0.0
6045,Prostate,1.0
2364,Prostate,0.0
2376,Prostate,0.0
7512,Prostate,0.0
7513,Prostate,0.0
2361,Prostate,0.0
952,Prostate,1.0
6060,Prostate,1.0
3487,Prostate,1.0
3485,Prostate,1.0
4871,Prostate,0.0
2375,Prostate,0.0
7514,Prostate,0.0
4873,Prostate,0.0
3469,Prostate,1.0
7549,Prostate,1.0
7525,Prostate,1.0
2383,Prostate,1.0
4881,Prostate,0.0
6063,Prostate,1.0
7542,Prostate,0.0
2397,Prostate,0.0
2409,Prostate,1.0
2369,Prostate,1.0
2379,Prostate,0.0
6061,Prostate,1.0
7515,Prostate,0.0
2398,Prostate,0.0
7553,Prostate,1.0
7546,Prostate,1.0
6049,Prostate,1.0
4892,Prostate,0.0
2389,Prostate,1.0
934,Prostate,1.0
7536,Prostate,1.0
922,Prostate,1.0
7541,Prostate,0.0
2385,Prostate,1.0
2371,Prostate,1.0
7589,Skin,0.0
4904,Skin,1.0
2462,Skin,0.0
4963,Skin,1.0
7565,Skin,0.0
2422,Skin,1.0
4901,Skin,1.0
7558,Skin,1.0
4948,Skin,1.0
7579,Skin,1.0
7562,Skin,0.0
2449,Skin,1.0
7569,Skin,0.0
2437,Skin,0.0
2458,Skin,1.0
2423,Skin,1.0
7570,Skin,0.0
7581,Skin,1.0
4911,Skin,0.0
2426,Skin,1.0
4950,Skin,1.0
4944,Skin,1.0
1090,Skin,0.0
6198,Skin,0.0
2431,Skin,0.0
7556,Skin,1.0
2416,Skin,1.0
4964,Skin,0.0
4961,Skin,1.0
7566,Skin,1.0
2425,Skin,1.0
7576,Skin,1.0
4902,Skin,1.0
3615,Skin,1.0
3617,Skin,1.0
2442,Skin,1.0
4923,Skin,0.0
4971,Skin,0.0
4921,Skin,1.0
3618,Skin,0.0
4935,Skin,1.0
2436,Skin,0.0
4952,Skin,1.0
2452,Skin,1.0
4951,Skin,1.0
2438,Skin,0.0
2419,Skin,0.0
2448,Skin,1.0
2463,Skin,0.0
6200,Skin,0.0
4922,Skin,0.0
4962,Skin,1.0
2433,Skin,0.0
2445,Skin,1.0
3609,Skin,1.0
7557,Skin,1.0
4927,Skin,0.0
4953,Skin,1.0
7582,Skin,1.0
1087,Skin,0.0
4941,Skin,1.0
2453,Skin,1.0
3616,Skin,0.0
3614,Skin,1.0
4940,Skin,1.0
4930,Skin,0.0
4946,Skin,1.0
2443,Skin,1.0
4934,Skin,1.0
2429,Skin,0.0
4939,Skin,1.0
7586,Skin,1.0
4945,Skin,1.0
2418,Skin,0.0
4937,Skin,1.0
6197,Skin,0.0
2413,Skin,1.0
2434,Skin,0.0
4924,Skin,0.0
1089,Skin,0.0
2439,Skin,0.0
4908,Skin,0.0
4959,Skin,1.0
4919,Skin,1.0
4958,Skin,1.0
2417,Skin,0.0
4949,Skin,1.0
4916,Skin,1.0
7574,Skin,1.0
1085,Skin,1.0
7571,Skin,0.0
4967,Skin,0.0
3619,Skin,0.0
4926,Skin,0.0
3613,Skin,1.0
2451,Skin,1.0
4938,Skin,1.0
2435,Skin,0.0
2447,Skin,1.0
4969,Skin,0.0
4970,Skin,0.0
2432,Skin,0.0
2430,Skin,0.0
4965,Skin,0.0
4907,Skin,0.0
4905,Skin,1.0
4910,Skin,0.0
2446,Skin,1.0
4943,Skin,1.0
4912,Skin,0.0
4903,Skin,1.0
7585,Skin,1.0
7560,Skin,1.0
2454,Skin,1.0
4920,Skin,1.0
4968,Skin,0.0
7578,Skin,1.0
3610,Skin,1.0
3622,Skin,0.0
2440,Skin,0.0
2450,Skin,1.0
4966,Skin,0.0
6196,Skin,1.0
3611,Skin,1.0
7588,Skin,0.0
4954,Skin,1.0
1088,Skin,0.0
4931,Skin,0.0
2460,Skin,1.0
7572,Skin,0.0
7577,Skin,1.0
2456,Skin,1.0
2507,Stomach,1.0
5010,Stomach,1.0
2489,Stomach,1.0
2481,Stomach,1.0
2504,Stomach,1.0
7608,Stomach,1.0
2491,Stomach,1.0
4993,Stomach,1.0
4979,Stomach,1.0
2480,Stomach,1.0
2474,Stomach,1.0
7603,Stomach,1.0
7629,Stomach,1.0
4991,Stomach,1.0
7625,Stomach,1.0
2498,Stomach,1.0
4973,Stomach,0.0
7627,Stomach,1.0
2492,Stomach,1.0
3512,Stomach,0.0
5009,Stomach,1.0
7610,Stomach,1.0
2473,Stomach,1.0
4980,Stomach,1.0
2493,Stomach,0.0
5006,Stomach,0.0
4977,Stomach,1.0
6072,Stomach,0.0
7602,Stomach,1.0
2471,Stomach,1.0
2466,Stomach,0.0
2488,Stomach,0.0
7611,Stomach,1.0
7616,Stomach,0.0
2478,Stomach,1.0
2472,Stomach,1.0
7626,Stomach,0.0
4997,Stomach,1.0
4981,Stomach,1.0
3502,Stomach,0.0
7623,Stomach,1.0
7622,Stomach,1.0
7599,Stomach,1.0
962,Stomach,0.0
7605,Stomach,1.0
7621,Stomach,1.0
2490,Stomach,0.0
2502,Stomach,1.0
7592,Stomach,0.0
2486,Stomach,1.0
2487,Stomach,0.0
2485,Stomach,1.0
4994,Stomach,1.0
4982,Stomach,1.0
2506,Stomach,1.0
2477,Stomach,1.0
6069,Stomach,0.0
2501,Stomach,1.0
3513,Stomach,0.0
4998,Stomach,1.0
2484,Stomach,1.0
4978,Stomach,1.0
4995,Stomach,1.0
7598,Stomach,1.0
2509,Stomach,1.0
7601,Stomach,1.0
7630,Stomach,1.0
2495,Stomach,1.0
4999,Stomach,1.0
5008,Stomach,1.0
4975,Stomach,0.0
4986,Stomach,1.0
4989,Stomach,1.0
3504,Stomach,0.0
2467,Stomach,0.0
7617,Stomach,0.0
5007,Stomach,0.0
2511,Stomach,1.0
2497,Stomach,0.0
4990,Stomach,1.0
2496,Stomach,1.0
7607,Stomach,1.0
2469,Stomach,0.0
2505,Stomach,1.0
4983,Stomach,1.0
7632,Stomach,1.0
4996,Stomach,1.0
7615,Stomach,1.0
7619,Stomach,1.0
5002,Stomach,1.0
2470,Stomach,0.0
2475,Stomach,1.0
7600,Stomach,1.0
7606,Stomach,1.0
968,Stomach,0.0
2479,Stomach,1.0
2500,Stomach,1.0
4985,Stomach,1.0
7612,Stomach,1.0
2468,Stomach,0.0
7593,Stomach,0.0
6071,Stomach,0.0
967,Stomach,0.0
6465,Testis,1.0
5012,Testis,0.0
1427,Testis,0.0
3884,Testis,1.0
6480,Testis,0.0
7651,Testis,1.0
3878,Testis,1.0
2532,Testis,1.0
1429,Testis,0.0
7635,Testis,0.0
6482,Testis,0.0
1426,Testis,0.0
6487,Testis,0.0
3869,Testis,1.0
5014,Testis,1.0
5013,Testis,0.0
6471,Testis,0.0
1420,Testis,1.0
3882,Testis,1.0
7653,Testis,1.0
5011,Testis,0.0
3902,Testis,0.0
5037,Testis,1.0
2522,Testis,1.0
3894,Testis,0.0
3876,Testis,1.0
5027,Testis,1.0
7639,Testis,0.0
1441,Testis,1.0
3877,Testis,1.0
3891,Testis,1.0
5018,Testis,1.0
7649,Testis,1.0
1435,Testis,0.0
5036,Testis,1.0
3904,Testis,0.0
2533,Testis,1.0
1430,Testis,0.0
5021,Testis,0.0
3885,Testis,1.0
1416,Testis,1.0
3874,Testis,1.0
5035,Testis,1.0
3906,Testis,0.0
7634,Testis,0.0
5022,Testis,1.0
6491,Testis,0.0
1423,Testis,1.0
2512,Testis,0.0
6488,Testis,0.0
2519,Testis,1.0
3875,Testis,1.0
5034,Testis,1.0
3887,Testis,0.0
5017,Testis,1.0
5023,Testis,1.0
1440,Testis,1.0
5031,Testis,1.0
7636,Testis,0.0
2528,Testis,1.0
6492,Testis,0.0
2515,Testis,0.0
1442,Testis,1.0
3905,Testis,0.0
6484,Testis,0.0
2518,Testis,1.0
7657,Testis,1.0
3910,Testis,0.0
1437,Testis,0.0
6472,Testis,0.0
6474,Testis,0.0
7648,Testis,1.0
1413,Testis,1.0
2523,Testis,1.0
3913,Testis,0.0
6470,Testis,0.0
6485,Testis,0.0
2513,Testis,0.0
7652,Testis,1.0
1433,Testis,0.0
5026,Testis,1.0
3899,Testis,0.0
1444,Testis,0.0
1422,Testis,0.0
5024,Testis,1.0
6481,Testis,0.0
1417,Testis,1.0
1438,Testis,0.0
3918,Testis,0.0
1415,Testis,1.0
1443,Testis,0.0
7659,Testis,1.0
6467,Testis,1.0
3907,Testis,0.0
6466,Testis,1.0
1421,Testis,0.0
3871,Testis,1.0
3909,Testis,0.0
6468,Testis,0.0
1411,Testis,1.0
7641,Testis,0.0
7644,Testis,0.0
3879,Testis,1.0
3920,Testis,0.0
3873,Testis,1.0
2521,Testis,1.0
5025,Testis,1.0
1439,Testis,0.0
2517,Testis,0.0
5016,Testis,1.0
7646,Testis,1.0
6478,Testis,0.0
1436,Testis,0.0
1434,Testis,0.0
6473,Testis,1.0
6469,Testis,1.0
3890,Testis,0.0
3917,Testis,1.0
3888,Testis,1.0
3893,Testis,0.0
2516,Testis,0.0
3870,Testis,1.0
5019,Testis,1.0
3895,Testis,0.0
3886,Testis,1.0
7656,Testis,1.0
6490,Testis,0.0
2524,Testis,1.0
3903,Testis,0.0
6476,Testis,0.0
2520,Testis,0.0
7640,Testis,0.0
1414,Testis,1.0
3914,Testis,0.0
2530,Testis,1.0
5032,Testis,1.0
7642,Testis,0.0
6479,Testis,0.0
1073,Thyroid,0.0
6220,Thyroid,0.0
5041,Thyroid,0.0
7683,Thyroid,0.0
5069,Thyroid,1.0
7691,Thyroid,1.0
6218,Thyroid,0.0
3595,Thyroid,1.0
6214,Thyroid,0.0
6211,Thyroid,0.0
2566,Thyroid,1.0
1079,Thyroid,0.0
7676,Thyroid,0.0
1101,Thyroid,0.0
1106,Thyroid,0.0
2543,Thyroid,0.0
2558,Thyroid,0.0
6212,Thyroid,0.0
3630,Thyroid,0.0
6188,Thyroid,1.0
2577,Thyroid,0.0
1082,Thyroid,1.0
6190,Thyroid,1.0
5073,Thyroid,1.0
3605,Thyroid,1.0
3591,Thyroid,1.0
7669,Thyroid,0.0
6195,Thyroid,0.0
7697,Thyroid,1.0
3633,Thyroid,0.0
5039,Thyroid,0.0
2573,Thyroid,0.0
1080,Thyroid,1.0
7674,Thyroid,0.0
7677,Thyroid,0.0
5038,Thyroid,0.0
7671,Thyroid,0.0
3643,Thyroid,1.0
3640,Thyroid,1.0
5065,Thyroid,1.0
5062,Thyroid,0.0
7689,Thyroid,1.0
5064,Thyroid,0.0
7699,Thyroid,0.0
5063,Thyroid,0.0
5084,Thyroid,0.0
2565,Thyroid,1.0
2553,Thyroid,0.0
5045,Thyroid,0.0
5048,Thyroid,0.0
7685,Thyroid,0.0
3593,Thyroid,0.0
3602,Thyroid,1.0
3606,Thyroid,1.0
3644,Thyroid,1.0
1114,Thyroid,1.0
1100,Thyroid,0.0
5040,Thyroid,0.0
6219,Thyroid,1.0
7670,Thyroid,0.0
1074,Thyroid,1.0
2567,Thyroid,1.0
1105,Thyroid,0.0
1083,Thyroid,0.0
3637,Thyroid,1.0
2564,Thyroid,1.0
2571,Thyroid,1.0
1069,Thyroid,0.0
2554,Thyroid,0.0
3641,Thyroid,1.0
5058,Thyroid,0.0
5056,Thyroid,0.0
2563,Thyroid,1.0
5061,Thyroid,0.0
7666,Thyroid,0.0
7700,Thyroid,0.0
1107,Thyroid,1.0
1076,Thyroid,1.0
1111,Thyroid,1.0
1104,Thyroid,0.0
2540,Thyroid,0.0
5046,Thyroid,0.0
3642,Thyroid,1.0
5074,Thyroid,1.0
2549,Thyroid,0.0
6217,Thyroid,1.0
6216,Thyroid,0.0
2574,Thyroid,0.0
2539,Thyroid,0.0
3604,Thyroid,0.0
5059,Thyroid,0.0
2576,Thyroid,0.0
5077,Thyroid,1.0
1102,Thyroid,1.0
7681,Thyroid,0.0
7665,Thyroid,0.0
5047,Thyroid,0.0
1064,Thyroid,1.0
1066,Thyroid,1.0
2575,Thyroid,0.0
2544,Thyroid,0.0
3629,Thyroid,0.0
3638,Thyroid,1.0
5057,Thyroid,0.0
5083,Thyroid,0.0
3599,Thyroid,1.0
3594,Thyroid,1.0
5080,Thyroid,0.0
5071,Thyroid,1.0
3607,Thyroid,1.0
1112,Thyroid,1.0
5053,Thyroid,0.0
2559,Thyroid,0.0
1098,Thyroid,0.0
5068,Thyroid,1.0
5079,Thyroid,0.0
1109,Thyroid,0.0
1075,Thyroid,1.0
7696,Thyroid,1.0
6213,Thyroid,0.0
1070,Thyroid,1.0
1103,Thyroid,1.0
5060,Thyroid,0.0
7692,Thyroid,1.0
7693,Thyroid,1.0
5075,Thyroid,1.0
1068,Thyroid,0.0
5043,Thyroid,0.0
1108,Thyroid,1.0
5082,Thyroid,0.0
2560,Thyroid,0.0
5049,Thyroid,0.0
7688,Thyroid,0.0
6193,Thyroid,1.0
2568,Thyroid,1.0
6209,Thyroid,0.0
2562,Thyroid,0.0
2542,Thyroid,0.0
5067,Thyroid,1.0
2538,Thyroid,0.0
5044,Thyroid,0.0
1099,Thyroid,1.0
6191,Thyroid,0.0
6187,Thyroid,1.0
3590,Thyroid,1.0
2537,Thyroid,0.0
7695,Thyroid,1.0
2545,Thyroid,0.0
3603,Thyroid,1.0
6194,Thyroid,0.0
2541,Thyroid,0.0
5066,Thyroid,1.0
5076,Thyroid,1.0
1067,Thyroid,0.0
3634,Thyroid,0.0
2551,Thyroid,0.0
5054,Thyroid,0.0
7679,Thyroid,0.0
7662,Thyroid,0.0
7740,Uterus,1.0
7791,Uterus,1.0
7796,Uterus,1.0
7728,Uterus,1.0
7727,Uterus,1.0
2590,Uterus,1.0
7804,Uterus,1.0
6147,Uterus,1.0
7746,Uterus,0.0
7779,Uterus,0.0
6136,Uterus,1.0
7703,Uterus,0.0
7783,Uterus,0.0
7745,Uterus,0.0
6180,Uterus,1.0
2591,Uterus,1.0
7749,Uterus,0.0
6142,Uterus,1.0
7763,Uterus,1.0
3588,Uterus,0.0
7702,Uterus,0.0
7742,Uterus,1.0
7753,Uterus,0.0
7774,Uterus,0.0
6181,Uterus,1.0
2584,Uterus,1.0
7755,Uterus,0.0
7764,Uterus,1.0
3587,Uterus,1.0
7792,Uterus,1.0
7803,Uterus,1.0
7798,Uterus,1.0
6154,Uterus,1.0
7738,Uterus,1.0
6157,Uterus,1.0
6179,Uterus,1.0
7788,Uterus,1.0
6141,Uterus,1.0
7750,Uterus,0.0
7762,Uterus,1.0
7777,Uterus,0.0
6143,Uterus,1.0
2587,Uterus,0.0
6153,Uterus,1.0
6163,Uterus,1.0
6168,Uterus,1.0
7720,Uterus,1.0
7717,Uterus,1.0
6178,Uterus,1.0
6150,Uterus,1.0
6167,Uterus,1.0
7725,Uterus,1.0
7780,Uterus,0.0
7723,Uterus,1.0
1063,Uterus,0.0
7739,Uterus,1.0
6158,Uterus,1.0
6177,Uterus,1.0
6172,Uterus,1.0
7808,Uterus,1.0
7805,Uterus,1.0
6138,Uterus,1.0
7786,Uterus,1.0
7731,Uterus,1.0
7744,Uterus,1.0
6148,Uterus,1.0
7751,Uterus,0.0
5087,Uterus,1.0
7775,Uterus,0.0
7705,Uterus,0.0
7801,Uterus,1.0
2586,Uterus,0.0
7735,Uterus,1.0
7773,Uterus,0.0
2581,Uterus,1.0
6139,Uterus,1.0
7722,Uterus,1.0
2579,Uterus,0.0
6144,Uterus,1.0
7709,Uterus,0.0
7759,Uterus,0.0
7712,Uterus,0.0
7771,Uterus,1.0
2585,Uterus,1.0
7747,Uterus,0.0
7760,Uterus,1.0
1061,Uterus,0.0
7793,Uterus,1.0
7767,Uterus,1.0
6182,Uterus,1.0
7724,Uterus,1.0
6176,Uterus,1.0
6156,Uterus,1.0
7736,Uterus,1.0
6140,Uterus,1.0
6152,Uterus,1.0
7769,Uterus,1.0
7770,Uterus,1.0
6137,Uterus,1.0
6135,Uterus,1.0
7765,Uterus,1.0
7708,Uterus,0.0
7706,Uterus,0.0
7711,Uterus,0.0
6151,Uterus,1.0
7741,Uterus,0.0
7713,Uterus,0.0
7704,Uterus,0.0
7807,Uterus,1.0
7782,Uterus,0.0
6159,Uterus,1.0
7721,Uterus,1.0
7768,Uterus,1.0
7800,Uterus,1.0
6173,Uterus,1.0
6185,Uterus,1.0
6145,Uterus,1.0
6155,Uterus,1.0
7766,Uterus,1.0
7772,Uterus,1.0
6174,Uterus,1.0
7810,Uterus,1.0
7754,Uterus,0.0
2578,Uterus,0.0
7732,Uterus,1.0
6165,Uterus,1.0
2580,Uterus,0.0
7752,Uterus,0.0
7794,Uterus,1.0
7799,Uterus,1.0
6161,Uterus,1.0
